,date,ML,Low,High
Alabama,2020-03-13,2.0,0.34,6.43
Alabama,2020-03-14,1.55,0.38,3.29
Alabama,2020-03-15,1.53,0.47000000000000003,2.95
Alabama,2020-03-16,1.5,0.52,2.72
Alabama,2020-03-17,1.6300000000000001,0.67,2.71
Alabama,2020-03-18,1.73,0.8200000000000001,2.66
Alabama,2020-03-19,1.71,0.92,2.56
Alabama,2020-03-20,1.69,0.91,2.48
Alabama,2020-03-21,1.72,1.0,2.43
Alabama,2020-03-22,1.9100000000000001,1.28,2.56
Alabama,2020-03-23,2.08,1.53,2.65
Alabama,2020-03-24,2.12,1.6300000000000001,2.6
Alabama,2020-03-25,2.04,1.6,2.45
Alabama,2020-03-26,1.9100000000000001,1.53,2.29
Alabama,2020-03-27,1.74,1.4000000000000001,2.1
Alabama,2020-03-28,1.57,1.25,1.9000000000000001
Alabama,2020-03-29,1.3800000000000001,1.08,1.7
Alabama,2020-03-30,1.25,0.96,1.56
Alabama,2020-03-31,1.21,0.91,1.49
Alabama,2020-04-01,1.18,0.9,1.47
Alabama,2020-04-02,1.21,0.9500000000000001,1.51
Alabama,2020-04-03,1.25,0.99,1.53
Alabama,2020-04-04,1.3,1.05,1.57
Alabama,2020-04-05,1.36,1.12,1.62
Alabama,2020-04-06,1.4000000000000001,1.17,1.6400000000000001
Alabama,2020-04-07,1.36,1.1400000000000001,1.59
Alabama,2020-04-08,1.35,1.1400000000000001,1.57
Alabama,2020-04-09,1.31,1.11,1.53
Alabama,2020-04-10,1.26,1.05,1.45
Alabama,2020-04-11,1.2,1.0,1.3900000000000001
Alabama,2020-04-12,1.1400000000000001,0.9500000000000001,1.34
Alabama,2020-04-13,1.06,0.86,1.24
Alabama,2020-04-14,1.0,0.81,1.19
Alabama,2020-04-15,0.91,0.73,1.12
Alabama,2020-04-16,0.84,0.65,1.05
Alabama,2020-04-17,0.8,0.6,1.01
Alabama,2020-04-18,0.79,0.59,1.01
Alaska,2020-03-14,2.0,0.34,6.43
Alaska,2020-03-15,1.8800000000000001,0.38,5.01
Alaska,2020-03-16,2.17,0.51,4.99
Alaska,2020-03-17,1.96,0.5,4.24
Alaska,2020-03-18,2.08,0.58,4.09
Alaska,2020-03-19,1.8900000000000001,0.54,3.62
Alaska,2020-03-20,1.93,0.64,3.54
Alaska,2020-03-21,1.8900000000000001,0.2,3.38
Alaska,2020-03-22,2.05,0.51,3.5
Alaska,2020-03-23,1.83,0.44,3.13
Alaska,2020-03-24,1.8900000000000001,0.61,3.0700000000000003
Alaska,2020-03-25,1.81,0.68,2.92
Alaska,2020-03-26,1.74,0.68,2.72
Alaska,2020-03-27,1.57,0.6,2.5
Alaska,2020-03-28,1.44,0.55,2.35
Alaska,2020-03-29,1.25,0.37,2.09
Alaska,2020-03-30,1.1500000000000001,0.28,1.95
Alaska,2020-03-31,1.0,0.17,1.79
Alaska,2020-04-01,0.85,0.06,1.61
Alaska,2020-04-02,0.8,0.04,1.57
Alaska,2020-04-03,0.84,0.05,1.6300000000000001
Alaska,2020-04-04,0.89,0.06,1.69
Alaska,2020-04-05,1.0,0.14,1.85
Alaska,2020-04-06,1.11,0.24,1.99
Alaska,2020-04-07,1.16,0.29,2.0300000000000002
Alaska,2020-04-08,1.2,0.33,2.04
Alaska,2020-04-09,1.1500000000000001,0.28,1.95
Alaska,2020-04-10,1.09,0.28,1.93
Alaska,2020-04-11,1.0,0.19,1.8
Alaska,2020-04-12,0.91,0.11,1.68
Alaska,2020-04-13,0.8,0.05,1.57
Alaska,2020-04-14,0.74,0.02,1.51
Alaska,2020-04-15,0.72,0.01,1.51
Alaska,2020-04-16,0.7000000000000001,0.0,1.51
Alaska,2020-04-17,0.68,0.0,1.52
Alaska,2020-04-18,0.72,0.0,1.59
Arizona,2020-03-05,2.0,0.34,6.43
Arizona,2020-03-06,1.8800000000000001,0.38,5.01
Arizona,2020-03-07,1.8,0.38,4.45
Arizona,2020-03-08,1.74,0.4,4.13
Arizona,2020-03-09,1.69,0.37,3.85
Arizona,2020-03-10,1.6400000000000001,0.4,3.7
Arizona,2020-03-11,1.61,0.41000000000000003,3.56
Arizona,2020-03-12,1.0,0.0,3.35
Arizona,2020-03-13,1.0,0.0,3.35
Arizona,2020-03-14,1.53,0.0,3.66
Arizona,2020-03-15,1.8900000000000001,0.01,3.7800000000000002
Arizona,2020-03-16,2.05,0.12,3.81
Arizona,2020-03-17,2.52,0.65,4.17
Arizona,2020-03-18,2.83,1.32,4.2
Arizona,2020-03-19,2.88,1.72,4.0
Arizona,2020-03-20,2.79,1.86,3.68
Arizona,2020-03-21,2.67,1.94,3.42
Arizona,2020-03-22,2.48,1.87,3.1
Arizona,2020-03-23,2.31,1.79,2.83
Arizona,2020-03-24,2.16,1.71,2.61
Arizona,2020-03-25,1.97,1.58,2.38
Arizona,2020-03-26,1.84,1.48,2.2
Arizona,2020-03-27,1.76,1.44,2.1
Arizona,2020-03-28,1.6500000000000001,1.36,1.97
Arizona,2020-03-29,1.54,1.27,1.84
Arizona,2020-03-30,1.44,1.19,1.73
Arizona,2020-03-31,1.33,1.08,1.59
Arizona,2020-04-01,1.29,1.05,1.55
Arizona,2020-04-02,1.26,1.03,1.51
Arizona,2020-04-03,1.22,1.0,1.47
Arizona,2020-04-04,1.19,0.97,1.43
Arizona,2020-04-05,1.1500000000000001,0.93,1.3800000000000001
Arizona,2020-04-06,1.11,0.9,1.34
Arizona,2020-04-07,1.08,0.87,1.31
Arizona,2020-04-08,1.05,0.8300000000000001,1.26
Arizona,2020-04-09,1.02,0.8,1.23
Arizona,2020-04-10,0.99,0.77,1.2
Arizona,2020-04-11,0.9500000000000001,0.74,1.18
Arizona,2020-04-12,0.92,0.71,1.1500000000000001
Arizona,2020-04-13,0.91,0.6900000000000001,1.1400000000000001
Arizona,2020-04-14,0.97,0.76,1.21
Arizona,2020-04-15,1.01,0.79,1.24
Arizona,2020-04-16,1.07,0.85,1.29
Arizona,2020-04-17,1.11,0.9,1.34
Arizona,2020-04-18,1.16,0.9500000000000001,1.3800000000000001
Arkansas,2020-03-11,2.0,0.34,6.43
Arkansas,2020-03-12,1.74,0.4,4.13
Arkansas,2020-03-13,1.83,0.46,3.79
Arkansas,2020-03-14,1.6600000000000001,0.45,3.31
Arkansas,2020-03-15,1.56,0.45,3.0300000000000002
Arkansas,2020-03-16,1.73,0.5700000000000001,3.08
Arkansas,2020-03-17,2.12,0.9500000000000001,3.36
Arkansas,2020-03-18,2.18,1.01,3.31
Arkansas,2020-03-19,2.36,1.37,3.31
Arkansas,2020-03-20,2.2,1.35,3.02
Arkansas,2020-03-21,2.09,1.37,2.83
Arkansas,2020-03-22,1.99,1.36,2.65
Arkansas,2020-03-23,1.84,1.27,2.43
Arkansas,2020-03-24,1.6600000000000001,1.1300000000000001,2.2
Arkansas,2020-03-25,1.52,1.02,2.02
Arkansas,2020-03-26,1.33,0.85,1.81
Arkansas,2020-03-27,1.22,0.76,1.7
Arkansas,2020-03-28,1.1400000000000001,0.68,1.6
Arkansas,2020-03-29,1.08,0.63,1.54
Arkansas,2020-03-30,1.11,0.66,1.56
Arkansas,2020-03-31,1.12,0.68,1.57
Arkansas,2020-04-01,1.1,0.68,1.56
Arkansas,2020-04-02,1.1500000000000001,0.72,1.58
Arkansas,2020-04-03,1.1500000000000001,0.73,1.57
Arkansas,2020-04-04,1.19,0.77,1.59
Arkansas,2020-04-05,1.23,0.84,1.6400000000000001
Arkansas,2020-04-06,1.21,0.8300000000000001,1.61
Arkansas,2020-04-07,1.18,0.8,1.56
Arkansas,2020-04-08,1.16,0.79,1.54
Arkansas,2020-04-09,1.06,0.6900000000000001,1.43
Arkansas,2020-04-10,1.1,0.73,1.46
Arkansas,2020-04-11,1.08,0.73,1.46
Arkansas,2020-04-12,1.09,0.74,1.46
Arkansas,2020-04-13,1.07,0.71,1.42
Arkansas,2020-04-14,1.05,0.7000000000000001,1.41
Arkansas,2020-04-15,1.04,0.68,1.3800000000000001
Arkansas,2020-04-16,1.06,0.72,1.42
Arkansas,2020-04-17,0.98,0.63,1.33
Arkansas,2020-04-18,1.01,0.66,1.36
California,2020-02-21,2.0,0.34,6.43
California,2020-02-22,1.8800000000000001,0.38,5.01
California,2020-02-23,2.17,0.51,4.99
California,2020-02-24,1.96,0.5,4.24
California,2020-02-25,2.08,0.58,4.09
California,2020-02-26,2.09,0.67,3.87
California,2020-02-27,1.8900000000000001,0.63,3.45
California,2020-02-28,1.44,0.01,2.86
California,2020-02-29,1.59,0.11,2.99
California,2020-03-01,1.35,0.03,2.64
California,2020-03-02,1.62,0.23,2.95
California,2020-03-03,1.6600000000000001,0.33,2.93
California,2020-03-04,1.67,0.39,2.83
California,2020-03-05,1.75,0.5700000000000001,2.84
California,2020-03-06,2.04,1.02,3.04
California,2020-03-07,1.93,1.03,2.83
California,2020-03-08,1.8800000000000001,1.08,2.69
California,2020-03-09,1.79,1.07,2.5300000000000002
California,2020-03-10,1.75,1.09,2.42
California,2020-03-11,1.72,1.11,2.32
California,2020-03-12,1.77,1.22,2.32
California,2020-03-13,1.76,1.26,2.2600000000000002
California,2020-03-14,1.83,1.37,2.27
California,2020-03-15,1.86,1.45,2.2600000000000002
California,2020-03-16,1.85,1.49,2.22
California,2020-03-17,1.82,1.49,2.15
California,2020-03-18,1.79,1.5,2.1
California,2020-03-19,1.75,1.49,2.04
California,2020-03-20,1.73,1.49,1.99
California,2020-03-21,1.7,1.48,1.94
California,2020-03-22,1.69,1.48,1.9000000000000001
California,2020-03-23,1.73,1.53,1.9100000000000001
California,2020-03-24,1.76,1.59,1.94
California,2020-03-25,1.75,1.6,1.92
California,2020-03-26,1.7,1.55,1.84
California,2020-03-27,1.6400000000000001,1.51,1.78
California,2020-03-28,1.59,1.46,1.71
California,2020-03-29,1.54,1.42,1.6500000000000001
California,2020-03-30,1.49,1.3800000000000001,1.6
California,2020-03-31,1.45,1.35,1.56
California,2020-04-01,1.41,1.31,1.51
California,2020-04-02,1.36,1.26,1.45
California,2020-04-03,1.29,1.2,1.3800000000000001
California,2020-04-04,1.23,1.1500000000000001,1.33
California,2020-04-05,1.18,1.1,1.28
California,2020-04-06,1.1300000000000001,1.04,1.21
California,2020-04-07,1.07,0.98,1.1500000000000001
California,2020-04-08,1.02,0.93,1.1
California,2020-04-09,0.97,0.88,1.05
California,2020-04-10,0.9400000000000001,0.85,1.02
California,2020-04-11,0.92,0.8300000000000001,1.0
California,2020-04-12,0.91,0.8300000000000001,1.01
California,2020-04-13,0.93,0.84,1.02
California,2020-04-14,0.9500000000000001,0.86,1.04
California,2020-04-15,0.98,0.89,1.07
California,2020-04-16,1.02,0.93,1.11
California,2020-04-17,1.06,0.98,1.16
California,2020-04-18,1.08,1.0,1.18
Colorado,2020-03-05,2.0,0.34,6.43
Colorado,2020-03-06,1.74,0.4,4.13
Colorado,2020-03-07,1.61,0.41000000000000003,3.56
Colorado,2020-03-08,1.7,0.48,3.44
Colorado,2020-03-09,1.8900000000000001,0.63,3.45
Colorado,2020-03-10,2.07,0.8200000000000001,3.41
Colorado,2020-03-11,2.2800000000000002,1.1500000000000001,3.44
Colorado,2020-03-12,2.29,1.24,3.31
Colorado,2020-03-13,2.19,1.26,3.04
Colorado,2020-03-14,1.99,1.21,2.79
Colorado,2020-03-15,1.83,1.11,2.5300000000000002
Colorado,2020-03-16,1.71,1.06,2.36
Colorado,2020-03-17,1.67,1.06,2.25
Colorado,2020-03-18,1.71,1.16,2.25
Colorado,2020-03-19,1.77,1.27,2.2600000000000002
Colorado,2020-03-20,1.84,1.3900000000000001,2.2800000000000002
Colorado,2020-03-21,1.9000000000000001,1.5,2.3000000000000003
Colorado,2020-03-22,1.8900000000000001,1.54,2.2600000000000002
Colorado,2020-03-23,1.9100000000000001,1.6,2.24
Colorado,2020-03-24,1.9000000000000001,1.61,2.18
Colorado,2020-03-25,1.85,1.6,2.12
Colorado,2020-03-26,1.76,1.53,2.0
Colorado,2020-03-27,1.6600000000000001,1.44,1.87
Colorado,2020-03-28,1.55,1.34,1.74
Colorado,2020-03-29,1.46,1.27,1.6500000000000001
Colorado,2020-03-30,1.37,1.19,1.55
Colorado,2020-03-31,1.31,1.1400000000000001,1.49
Colorado,2020-04-01,1.26,1.09,1.43
Colorado,2020-04-02,1.22,1.06,1.3900000000000001
Colorado,2020-04-03,1.17,1.0,1.32
Colorado,2020-04-04,1.1,0.9500000000000001,1.27
Colorado,2020-04-05,1.03,0.88,1.2
Colorado,2020-04-06,1.0,0.84,1.16
Colorado,2020-04-07,0.9500000000000001,0.79,1.11
Colorado,2020-04-08,0.93,0.77,1.09
Colorado,2020-04-09,0.9400000000000001,0.78,1.11
Colorado,2020-04-10,0.98,0.8300000000000001,1.16
Colorado,2020-04-11,1.02,0.86,1.19
Colorado,2020-04-12,1.06,0.9,1.22
Colorado,2020-04-13,1.06,0.9,1.22
Colorado,2020-04-14,1.06,0.91,1.23
Colorado,2020-04-15,1.04,0.89,1.21
Colorado,2020-04-16,1.01,0.86,1.18
Colorado,2020-04-17,0.99,0.8300000000000001,1.1500000000000001
Colorado,2020-04-18,1.0,0.85,1.17
Connecticut,2020-03-08,2.0,0.34,6.43
Connecticut,2020-03-09,1.8800000000000001,0.38,5.01
Connecticut,2020-03-10,1.8,0.38,4.45
Connecticut,2020-03-11,2.05,0.5,4.54
Connecticut,2020-03-12,2.17,0.61,4.33
Connecticut,2020-03-13,2.4,0.77,4.2
Connecticut,2020-03-14,2.5500000000000003,1.06,4.08
Connecticut,2020-03-15,2.68,1.25,4.04
Connecticut,2020-03-16,2.79,1.6400000000000001,3.87
Connecticut,2020-03-17,2.62,1.7,3.52
Connecticut,2020-03-18,2.35,1.58,3.12
Connecticut,2020-03-19,2.24,1.58,2.9
Connecticut,2020-03-20,2.09,1.52,2.67
Connecticut,2020-03-21,2.12,1.6300000000000001,2.63
Connecticut,2020-03-22,2.19,1.76,2.62
Connecticut,2020-03-23,2.12,1.75,2.5
Connecticut,2020-03-24,2.08,1.76,2.42
Connecticut,2020-03-25,1.97,1.69,2.27
Connecticut,2020-03-26,1.9000000000000001,1.6500000000000001,2.17
Connecticut,2020-03-27,1.8900000000000001,1.67,2.14
Connecticut,2020-03-28,1.85,1.6500000000000001,2.07
Connecticut,2020-03-29,1.78,1.59,1.97
Connecticut,2020-03-30,1.67,1.5,1.85
Connecticut,2020-03-31,1.61,1.45,1.78
Connecticut,2020-04-01,1.52,1.37,1.67
Connecticut,2020-04-02,1.43,1.29,1.58
Connecticut,2020-04-03,1.3900000000000001,1.25,1.53
Connecticut,2020-04-04,1.35,1.21,1.47
Connecticut,2020-04-05,1.35,1.22,1.47
Connecticut,2020-04-06,1.37,1.25,1.49
Connecticut,2020-04-07,1.33,1.21,1.44
Connecticut,2020-04-08,1.33,1.21,1.43
Connecticut,2020-04-09,1.29,1.18,1.4000000000000001
Connecticut,2020-04-10,1.21,1.11,1.32
Connecticut,2020-04-11,1.1500000000000001,1.05,1.26
Connecticut,2020-04-12,1.08,0.97,1.17
Connecticut,2020-04-13,1.02,0.92,1.12
Connecticut,2020-04-14,1.0,0.9,1.1
Connecticut,2020-04-15,0.97,0.86,1.06
Connecticut,2020-04-16,0.99,0.89,1.1
Connecticut,2020-04-17,0.99,0.88,1.08
Connecticut,2020-04-18,1.01,0.9,1.1
Delaware,2020-03-11,2.0,0.34,6.43
Delaware,2020-03-12,1.8800000000000001,0.38,5.01
Delaware,2020-03-13,1.8,0.38,4.45
Delaware,2020-03-14,2.05,0.5,4.54
Delaware,2020-03-15,2.17,0.61,4.33
Delaware,2020-03-16,2.16,0.68,4.01
Delaware,2020-03-17,2.1,0.72,3.69
Delaware,2020-03-18,2.0300000000000002,0.39,3.56
Delaware,2020-03-19,1.96,0.48,3.36
Delaware,2020-03-20,2.0100000000000002,0.68,3.2800000000000002
Delaware,2020-03-21,1.98,0.81,3.13
Delaware,2020-03-22,1.86,0.79,2.87
Delaware,2020-03-23,1.82,0.86,2.74
Delaware,2020-03-24,1.73,0.87,2.59
Delaware,2020-03-25,1.7,0.92,2.5
Delaware,2020-03-26,1.6300000000000001,0.91,2.37
Delaware,2020-03-27,1.54,0.86,2.22
Delaware,2020-03-28,1.5,0.87,2.15
Delaware,2020-03-29,1.52,0.92,2.12
Delaware,2020-03-30,1.44,0.86,1.99
Delaware,2020-03-31,1.41,0.88,1.96
Delaware,2020-04-01,1.48,0.98,2.0
Delaware,2020-04-02,1.54,1.07,2.02
Delaware,2020-04-03,1.6300000000000001,1.2,2.08
Delaware,2020-04-04,1.6600000000000001,1.26,2.07
Delaware,2020-04-05,1.69,1.32,2.06
Delaware,2020-04-06,1.68,1.34,2.02
Delaware,2020-04-07,1.61,1.3,1.93
Delaware,2020-04-08,1.5,1.2,1.79
Delaware,2020-04-09,1.41,1.12,1.68
Delaware,2020-04-10,1.31,1.04,1.58
Delaware,2020-04-11,1.23,0.97,1.5
Delaware,2020-04-12,1.1300000000000001,0.87,1.3900000000000001
Delaware,2020-04-13,1.05,0.8,1.32
Delaware,2020-04-14,1.02,0.77,1.29
Delaware,2020-04-15,1.03,0.77,1.28
Delaware,2020-04-16,1.05,0.8,1.31
Delaware,2020-04-17,1.11,0.85,1.35
Delaware,2020-04-18,1.1500000000000001,0.9,1.3900000000000001
District of Columbia,2020-03-07,2.0,0.34,6.43
District of Columbia,2020-03-08,2.35,0.48,5.72
District of Columbia,2020-03-09,2.05,0.5,4.54
District of Columbia,2020-03-10,1.8900000000000001,0.47000000000000003,3.98
District of Columbia,2020-03-11,1.78,0.48,3.67
District of Columbia,2020-03-12,1.7,0.48,3.44
District of Columbia,2020-03-13,1.6400000000000001,0.45,3.23
District of Columbia,2020-03-14,1.57,0.01,3.15
District of Columbia,2020-03-15,1.5,0.01,2.99
District of Columbia,2020-03-16,1.6500000000000001,0.09,3.09
District of Columbia,2020-03-17,1.8900000000000001,0.35000000000000003,3.3200000000000003
District of Columbia,2020-03-18,1.99,0.5700000000000001,3.3000000000000003
District of Columbia,2020-03-19,1.99,0.75,3.2
District of Columbia,2020-03-20,2.0300000000000002,0.91,3.0700000000000003
District of Columbia,2020-03-21,1.8800000000000001,0.9,2.84
District of Columbia,2020-03-22,1.87,0.99,2.73
District of Columbia,2020-03-23,1.83,1.05,2.62
District of Columbia,2020-03-24,1.79,1.07,2.49
District of Columbia,2020-03-25,1.74,1.1,2.4
District of Columbia,2020-03-26,1.67,1.07,2.2600000000000002
District of Columbia,2020-03-27,1.57,1.03,2.14
District of Columbia,2020-03-28,1.55,1.05,2.09
District of Columbia,2020-03-29,1.53,1.06,2.0300000000000002
District of Columbia,2020-03-30,1.54,1.09,2.0
District of Columbia,2020-03-31,1.54,1.1300000000000001,1.98
District of Columbia,2020-04-01,1.55,1.16,1.95
District of Columbia,2020-04-02,1.53,1.16,1.9000000000000001
District of Columbia,2020-04-03,1.5,1.16,1.86
District of Columbia,2020-04-04,1.44,1.12,1.78
District of Columbia,2020-04-05,1.42,1.12,1.75
District of Columbia,2020-04-06,1.37,1.08,1.68
District of Columbia,2020-04-07,1.31,1.02,1.59
District of Columbia,2020-04-08,1.25,0.98,1.54
District of Columbia,2020-04-09,1.18,0.92,1.47
District of Columbia,2020-04-10,1.11,0.85,1.3900000000000001
District of Columbia,2020-04-11,1.04,0.78,1.32
District of Columbia,2020-04-12,0.9500000000000001,0.6900000000000001,1.23
District of Columbia,2020-04-13,0.93,0.66,1.2
District of Columbia,2020-04-14,0.92,0.66,1.21
District of Columbia,2020-04-15,0.97,0.7000000000000001,1.25
District of Columbia,2020-04-16,1.02,0.76,1.31
District of Columbia,2020-04-17,1.11,0.85,1.3900000000000001
District of Columbia,2020-04-18,1.19,0.93,1.46
Florida,2020-03-03,2.0,0.34,6.43
Florida,2020-03-04,1.8800000000000001,0.38,5.01
Florida,2020-03-05,2.17,0.51,4.99
Florida,2020-03-06,1.96,0.5,4.24
Florida,2020-03-07,2.08,0.58,4.09
Florida,2020-03-08,1.8900000000000001,0.54,3.62
Florida,2020-03-09,2.1,0.72,3.69
Florida,2020-03-10,2.21,0.53,3.71
Florida,2020-03-11,2.32,0.86,3.63
Florida,2020-03-12,2.18,0.9500000000000001,3.35
Florida,2020-03-13,2.2,1.1400000000000001,3.21
Florida,2020-03-14,2.24,1.33,3.1
Florida,2020-03-15,2.4,1.6500000000000001,3.14
Florida,2020-03-16,2.4,1.78,3.0300000000000002
Florida,2020-03-17,2.37,1.84,2.89
Florida,2020-03-18,2.31,1.86,2.75
Florida,2020-03-19,2.22,1.85,2.62
Florida,2020-03-20,2.12,1.79,2.46
Florida,2020-03-21,2.0,1.71,2.3000000000000003
Florida,2020-03-22,1.93,1.67,2.2
Florida,2020-03-23,1.8900000000000001,1.6500000000000001,2.12
Florida,2020-03-24,1.8900000000000001,1.68,2.1
Florida,2020-03-25,1.9000000000000001,1.71,2.09
Florida,2020-03-26,1.8900000000000001,1.73,2.07
Florida,2020-03-27,1.84,1.69,2.0
Florida,2020-03-28,1.78,1.6400000000000001,1.92
Florida,2020-03-29,1.68,1.56,1.82
Florida,2020-03-30,1.61,1.49,1.73
Florida,2020-03-31,1.53,1.41,1.6300000000000001
Florida,2020-04-01,1.45,1.35,1.56
Florida,2020-04-02,1.36,1.26,1.46
Florida,2020-04-03,1.29,1.19,1.3800000000000001
Florida,2020-04-04,1.22,1.12,1.31
Florida,2020-04-05,1.16,1.07,1.26
Florida,2020-04-06,1.1,1.0,1.18
Florida,2020-04-07,1.05,0.96,1.1400000000000001
Florida,2020-04-08,1.0,0.91,1.09
Florida,2020-04-09,0.98,0.89,1.07
Florida,2020-04-10,0.9500000000000001,0.85,1.03
Florida,2020-04-11,0.93,0.84,1.03
Florida,2020-04-12,0.92,0.8300000000000001,1.02
Florida,2020-04-13,0.9,0.81,1.0
Florida,2020-04-14,0.9,0.81,1.0
Florida,2020-04-15,0.91,0.81,1.0
Florida,2020-04-16,0.92,0.8300000000000001,1.03
Florida,2020-04-17,0.9400000000000001,0.84,1.04
Florida,2020-04-18,0.98,0.89,1.09
Georgia,2020-03-04,2.0,0.34,6.43
Georgia,2020-03-05,1.8800000000000001,0.38,5.01
Georgia,2020-03-06,2.17,0.51,4.99
Georgia,2020-03-07,2.2800000000000002,0.61,4.59
Georgia,2020-03-08,2.25,0.68,4.16
Georgia,2020-03-09,2.16,0.75,3.8200000000000003
Georgia,2020-03-10,1.92,0.6900000000000001,3.37
Georgia,2020-03-11,2.0100000000000002,0.48,3.41
Georgia,2020-03-12,2.15,0.79,3.4
Georgia,2020-03-13,2.15,0.97,3.24
Georgia,2020-03-14,2.09,1.09,3.08
Georgia,2020-03-15,2.1,1.23,2.96
Georgia,2020-03-16,2.13,1.37,2.87
Georgia,2020-03-17,2.37,1.75,3.02
Georgia,2020-03-18,2.35,1.81,2.88
Georgia,2020-03-19,2.2,1.74,2.66
Georgia,2020-03-20,2.06,1.67,2.48
Georgia,2020-03-21,2.0,1.6400000000000001,2.35
Georgia,2020-03-22,1.94,1.62,2.25
Georgia,2020-03-23,1.9000000000000001,1.62,2.19
Georgia,2020-03-24,1.8800000000000001,1.6300000000000001,2.14
Georgia,2020-03-25,1.81,1.59,2.05
Georgia,2020-03-26,1.71,1.5,1.92
Georgia,2020-03-27,1.6,1.4000000000000001,1.79
Georgia,2020-03-28,1.57,1.3900000000000001,1.75
Georgia,2020-03-29,1.57,1.4000000000000001,1.74
Georgia,2020-03-30,1.58,1.43,1.75
Georgia,2020-03-31,1.53,1.3900000000000001,1.69
Georgia,2020-04-01,1.46,1.32,1.6
Georgia,2020-04-02,1.35,1.22,1.49
Georgia,2020-04-03,1.28,1.1500000000000001,1.41
Georgia,2020-04-04,1.24,1.11,1.36
Georgia,2020-04-05,1.26,1.1400000000000001,1.3800000000000001
Georgia,2020-04-06,1.27,1.1500000000000001,1.3900000000000001
Georgia,2020-04-07,1.28,1.17,1.4000000000000001
Georgia,2020-04-08,1.25,1.1400000000000001,1.36
Georgia,2020-04-09,1.17,1.06,1.28
Georgia,2020-04-10,1.09,0.98,1.19
Georgia,2020-04-11,0.99,0.88,1.1
Georgia,2020-04-12,0.89,0.79,1.01
Georgia,2020-04-13,0.85,0.74,0.96
Georgia,2020-04-14,0.8200000000000001,0.72,0.9500000000000001
Georgia,2020-04-15,0.86,0.75,0.98
Georgia,2020-04-16,0.99,0.88,1.11
Georgia,2020-04-17,1.06,0.9500000000000001,1.18
Georgia,2020-04-18,1.1300000000000001,1.02,1.25
Hawaii,2020-03-13,2.0,0.34,6.43
Hawaii,2020-03-14,2.35,0.48,5.72
Hawaii,2020-03-15,2.05,0.5,4.54
Hawaii,2020-03-16,2.17,0.61,4.33
Hawaii,2020-03-17,2.16,0.68,4.01
Hawaii,2020-03-18,2.2800000000000002,0.8200000000000001,3.85
Hawaii,2020-03-19,2.11,0.86,3.5100000000000002
Hawaii,2020-03-20,2.11,0.72,3.44
Hawaii,2020-03-21,1.96,0.74,3.16
Hawaii,2020-03-22,1.85,0.75,2.93
Hawaii,2020-03-23,1.6400000000000001,0.63,2.64
Hawaii,2020-03-24,1.49,0.53,2.41
Hawaii,2020-03-25,1.3900000000000001,0.48,2.27
Hawaii,2020-03-26,1.4000000000000001,0.54,2.25
Hawaii,2020-03-27,1.41,0.59,2.22
Hawaii,2020-03-28,1.41,0.63,2.18
Hawaii,2020-03-29,1.44,0.71,2.18
Hawaii,2020-03-30,1.46,0.77,2.16
Hawaii,2020-03-31,1.44,0.77,2.08
Hawaii,2020-04-01,1.4000000000000001,0.77,2.02
Hawaii,2020-04-02,1.34,0.74,1.94
Hawaii,2020-04-03,1.22,0.65,1.82
Hawaii,2020-04-04,1.1300000000000001,0.5700000000000001,1.72
Hawaii,2020-04-05,1.0,0.42,1.56
Hawaii,2020-04-06,0.91,0.34,1.49
Hawaii,2020-04-07,0.85,0.27,1.44
Hawaii,2020-04-08,0.79,0.2,1.3800000000000001
Hawaii,2020-04-09,0.73,0.14,1.33
Hawaii,2020-04-10,0.71,0.11,1.32
Hawaii,2020-04-11,0.66,0.06,1.27
Hawaii,2020-04-12,0.66,0.05,1.29
Hawaii,2020-04-13,0.66,0.04,1.31
Hawaii,2020-04-14,0.67,0.01,1.31
Hawaii,2020-04-15,0.68,0.02,1.36
Hawaii,2020-04-16,0.74,0.04,1.46
Hawaii,2020-04-17,0.87,0.11,1.6400000000000001
Hawaii,2020-04-18,1.0,0.2,1.8
Idaho,2020-03-13,2.0,0.34,6.43
Idaho,2020-03-14,1.8,0.38,4.45
Idaho,2020-03-15,1.69,0.37,3.85
Idaho,2020-03-16,1.83,0.46,3.79
Idaho,2020-03-17,1.8900000000000001,0.54,3.62
Idaho,2020-03-18,1.8900000000000001,0.63,3.45
Idaho,2020-03-19,1.99,0.75,3.36
Idaho,2020-03-20,1.86,0.42,3.15
Idaho,2020-03-21,1.81,0.54,3.0500000000000003
Idaho,2020-03-22,1.93,0.79,3.06
Idaho,2020-03-23,2.15,1.1500000000000001,3.12
Idaho,2020-03-24,2.27,1.43,3.11
Idaho,2020-03-25,2.21,1.46,2.9
Idaho,2020-03-26,2.0300000000000002,1.4000000000000001,2.67
Idaho,2020-03-27,1.94,1.3900000000000001,2.52
Idaho,2020-03-28,1.9000000000000001,1.4000000000000001,2.41
Idaho,2020-03-29,1.87,1.42,2.33
Idaho,2020-03-30,1.8800000000000001,1.48,2.29
Idaho,2020-03-31,1.85,1.49,2.22
Idaho,2020-04-01,1.75,1.43,2.1
Idaho,2020-04-02,1.59,1.28,1.9000000000000001
Idaho,2020-04-03,1.3900000000000001,1.1,1.69
Idaho,2020-04-04,1.19,0.91,1.49
Idaho,2020-04-05,0.99,0.71,1.29
Idaho,2020-04-06,0.79,0.49,1.08
Idaho,2020-04-07,0.62,0.32,0.9400000000000001
Idaho,2020-04-08,0.48,0.16,0.8200000000000001
Idaho,2020-04-09,0.39,0.06,0.73
Idaho,2020-04-10,0.38,0.04,0.74
Idaho,2020-04-11,0.42,0.05,0.81
Idaho,2020-04-12,0.54,0.13,0.98
Idaho,2020-04-13,0.58,0.15,1.05
Idaho,2020-04-14,0.58,0.11,1.04
Idaho,2020-04-15,0.56,0.08,1.04
Idaho,2020-04-16,0.5700000000000001,0.08,1.08
Idaho,2020-04-17,0.62,0.09,1.1500000000000001
Idaho,2020-04-18,0.76,0.19,1.33
Illinois,2020-03-05,2.0,0.34,6.43
Illinois,2020-03-06,1.8800000000000001,0.38,5.01
Illinois,2020-03-07,2.17,0.51,4.99
Illinois,2020-03-08,2.2800000000000002,0.61,4.59
Illinois,2020-03-09,2.25,0.68,4.16
Illinois,2020-03-10,2.35,0.85,3.98
Illinois,2020-03-11,2.29,0.96,3.69
Illinois,2020-03-12,2.35,0.98,3.64
Illinois,2020-03-13,2.2600000000000002,1.11,3.39
Illinois,2020-03-14,2.21,1.23,3.19
Illinois,2020-03-15,2.39,1.55,3.19
Illinois,2020-03-16,2.56,1.8800000000000001,3.23
Illinois,2020-03-17,2.58,2.0300000000000002,3.14
Illinois,2020-03-18,2.5,2.05,2.97
Illinois,2020-03-19,2.41,2.02,2.79
Illinois,2020-03-20,2.2600000000000002,1.94,2.6
Illinois,2020-03-21,2.09,1.81,2.39
Illinois,2020-03-22,1.94,1.68,2.19
Illinois,2020-03-23,1.87,1.6500000000000001,2.11
Illinois,2020-03-24,1.81,1.6,2.02
Illinois,2020-03-25,1.75,1.57,1.95
Illinois,2020-03-26,1.75,1.58,1.93
Illinois,2020-03-27,1.69,1.53,1.85
Illinois,2020-03-28,1.6500000000000001,1.51,1.8
Illinois,2020-03-29,1.61,1.48,1.75
Illinois,2020-03-30,1.52,1.4000000000000001,1.6600000000000001
Illinois,2020-03-31,1.47,1.36,1.6
Illinois,2020-04-01,1.45,1.34,1.57
Illinois,2020-04-02,1.3800000000000001,1.27,1.49
Illinois,2020-04-03,1.35,1.25,1.46
Illinois,2020-04-04,1.3,1.2,1.4000000000000001
Illinois,2020-04-05,1.26,1.16,1.35
Illinois,2020-04-06,1.25,1.16,1.35
Illinois,2020-04-07,1.23,1.1400000000000001,1.32
Illinois,2020-04-08,1.2,1.11,1.29
Illinois,2020-04-09,1.2,1.11,1.29
Illinois,2020-04-10,1.16,1.08,1.25
Illinois,2020-04-11,1.1300000000000001,1.05,1.22
Illinois,2020-04-12,1.1,1.02,1.19
Illinois,2020-04-13,1.06,0.97,1.1400000000000001
Illinois,2020-04-14,1.03,0.9500000000000001,1.12
Illinois,2020-04-15,1.02,0.9400000000000001,1.1
Illinois,2020-04-16,1.01,0.92,1.08
Illinois,2020-04-17,1.03,0.9400000000000001,1.1
Illinois,2020-04-18,1.06,0.97,1.1300000000000001
Indiana,2020-03-06,2.0,0.34,6.43
Indiana,2020-03-07,1.8800000000000001,0.38,5.01
Indiana,2020-03-08,2.17,0.51,4.99
Indiana,2020-03-09,1.96,0.5,4.24
Indiana,2020-03-10,1.83,0.46,3.79
Indiana,2020-03-11,1.73,0.46,3.52
Indiana,2020-03-12,1.6600000000000001,0.45,3.31
Indiana,2020-03-13,1.32,0.0,3.0300000000000002
Indiana,2020-03-14,1.57,0.01,3.15
Indiana,2020-03-15,1.5,0.01,2.99
Indiana,2020-03-16,1.85,0.23,3.34
Indiana,2020-03-17,2.15,0.61,3.5300000000000002
Indiana,2020-03-18,2.43,1.1300000000000001,3.62
Indiana,2020-03-19,2.62,1.6,3.64
Indiana,2020-03-20,2.67,1.83,3.48
Indiana,2020-03-21,2.58,1.9100000000000001,3.27
Indiana,2020-03-22,2.43,1.85,2.98
Indiana,2020-03-23,2.33,1.85,2.81
Indiana,2020-03-24,2.33,1.93,2.75
Indiana,2020-03-25,2.25,1.9100000000000001,2.61
Indiana,2020-03-26,2.15,1.84,2.44
Indiana,2020-03-27,2.0100000000000002,1.75,2.2800000000000002
Indiana,2020-03-28,1.8800000000000001,1.6500000000000001,2.13
Indiana,2020-03-29,1.76,1.56,2.0
Indiana,2020-03-30,1.67,1.48,1.8800000000000001
Indiana,2020-03-31,1.57,1.3800000000000001,1.75
Indiana,2020-04-01,1.5,1.33,1.68
Indiana,2020-04-02,1.42,1.26,1.59
Indiana,2020-04-03,1.37,1.22,1.54
Indiana,2020-04-04,1.33,1.18,1.49
Indiana,2020-04-05,1.28,1.1400000000000001,1.44
Indiana,2020-04-06,1.22,1.08,1.37
Indiana,2020-04-07,1.18,1.04,1.32
Indiana,2020-04-08,1.12,0.99,1.27
Indiana,2020-04-09,1.08,0.9400000000000001,1.21
Indiana,2020-04-10,1.03,0.9,1.17
Indiana,2020-04-11,0.98,0.84,1.11
Indiana,2020-04-12,0.9400000000000001,0.8,1.08
Indiana,2020-04-13,0.92,0.78,1.06
Indiana,2020-04-14,0.91,0.77,1.05
Indiana,2020-04-15,0.9500000000000001,0.8,1.08
Indiana,2020-04-16,0.99,0.84,1.12
Indiana,2020-04-17,1.05,0.91,1.19
Indiana,2020-04-18,1.1,0.97,1.25
Iowa,2020-03-08,2.0,0.34,6.43
Iowa,2020-03-09,1.69,0.37,3.85
Iowa,2020-03-10,1.3800000000000001,0.33,3.09
Iowa,2020-03-11,1.34,0.34,2.89
Iowa,2020-03-12,1.19,0.28,2.57
Iowa,2020-03-13,1.18,0.3,2.52
Iowa,2020-03-14,1.18,0.32,2.48
Iowa,2020-03-15,0.79,0.0,2.2800000000000002
Iowa,2020-03-16,1.0,0.0,2.45
Iowa,2020-03-17,1.4000000000000001,0.01,2.75
Iowa,2020-03-18,1.53,0.09,2.86
Iowa,2020-03-19,2.02,0.6,3.38
Iowa,2020-03-20,2.02,0.76,3.24
Iowa,2020-03-21,2.05,0.92,3.1
Iowa,2020-03-22,1.95,0.97,2.91
Iowa,2020-03-23,1.82,0.93,2.68
Iowa,2020-03-24,1.84,1.06,2.64
Iowa,2020-03-25,1.86,1.16,2.58
Iowa,2020-03-26,1.79,1.1400000000000001,2.42
Iowa,2020-03-27,1.83,1.27,2.43
Iowa,2020-03-28,1.78,1.26,2.31
Iowa,2020-03-29,1.7,1.22,2.18
Iowa,2020-03-30,1.62,1.18,2.07
Iowa,2020-03-31,1.5,1.1,1.94
Iowa,2020-04-01,1.42,1.01,1.8
Iowa,2020-04-02,1.36,0.99,1.75
Iowa,2020-04-03,1.26,0.9,1.6400000000000001
Iowa,2020-04-04,1.22,0.87,1.59
Iowa,2020-04-05,1.2,0.86,1.56
Iowa,2020-04-06,1.21,0.87,1.55
Iowa,2020-04-07,1.22,0.9,1.56
Iowa,2020-04-08,1.24,0.92,1.56
Iowa,2020-04-09,1.22,0.92,1.55
Iowa,2020-04-10,1.22,0.92,1.53
Iowa,2020-04-11,1.21,0.91,1.5
Iowa,2020-04-12,1.19,0.9,1.48
Iowa,2020-04-13,1.17,0.9,1.47
Iowa,2020-04-14,1.19,0.91,1.46
Iowa,2020-04-15,1.19,0.93,1.47
Iowa,2020-04-16,1.21,0.9500000000000001,1.48
Iowa,2020-04-17,1.22,0.96,1.47
Iowa,2020-04-18,1.21,0.96,1.46
Kansas,2020-03-10,2.0,0.34,6.43
Kansas,2020-03-11,1.8800000000000001,0.38,5.01
Kansas,2020-03-12,1.8,0.38,4.45
Kansas,2020-03-13,2.05,0.5,4.54
Kansas,2020-03-14,1.8900000000000001,0.47000000000000003,3.98
Kansas,2020-03-15,2.0,0.56,3.9
Kansas,2020-03-16,2.0300000000000002,0.63,3.71
Kansas,2020-03-17,2.22,0.43,3.85
Kansas,2020-03-18,2.1,0.52,3.5700000000000003
Kansas,2020-03-19,2.11,0.72,3.44
Kansas,2020-03-20,1.87,0.61,3.04
Kansas,2020-03-21,1.79,0.64,2.85
Kansas,2020-03-22,1.8,0.76,2.77
Kansas,2020-03-23,1.83,0.91,2.73
Kansas,2020-03-24,1.82,0.98,2.62
Kansas,2020-03-25,1.8900000000000001,1.16,2.63
Kansas,2020-03-26,1.9000000000000001,1.23,2.54
Kansas,2020-03-27,1.85,1.26,2.44
Kansas,2020-03-28,1.77,1.23,2.3000000000000003
Kansas,2020-03-29,1.6500000000000001,1.16,2.15
Kansas,2020-03-30,1.53,1.08,2.0100000000000002
Kansas,2020-03-31,1.44,1.02,1.9000000000000001
Kansas,2020-04-01,1.35,0.9400000000000001,1.78
Kansas,2020-04-02,1.27,0.87,1.68
Kansas,2020-04-03,1.25,0.86,1.6500000000000001
Kansas,2020-04-04,1.2,0.8300000000000001,1.6
Kansas,2020-04-05,1.22,0.86,1.61
Kansas,2020-04-06,1.23,0.88,1.61
Kansas,2020-04-07,1.21,0.87,1.58
Kansas,2020-04-08,1.2,0.87,1.56
Kansas,2020-04-09,1.16,0.8300000000000001,1.51
Kansas,2020-04-10,1.08,0.75,1.42
Kansas,2020-04-11,1.02,0.7000000000000001,1.37
Kansas,2020-04-12,0.92,0.58,1.25
Kansas,2020-04-13,0.88,0.54,1.22
Kansas,2020-04-14,0.89,0.55,1.24
Kansas,2020-04-15,0.92,0.58,1.28
Kansas,2020-04-16,1.02,0.68,1.3800000000000001
Kansas,2020-04-17,1.1300000000000001,0.8,1.49
Kansas,2020-04-18,1.21,0.89,1.56
Kentucky,2020-03-06,2.0,0.34,6.43
Kentucky,2020-03-07,1.8800000000000001,0.38,5.01
Kentucky,2020-03-08,1.8,0.38,4.45
Kentucky,2020-03-09,2.05,0.5,4.54
Kentucky,2020-03-10,1.8900000000000001,0.47000000000000003,3.98
Kentucky,2020-03-11,1.78,0.48,3.67
Kentucky,2020-03-12,1.7,0.48,3.44
Kentucky,2020-03-13,1.67,0.01,3.35
Kentucky,2020-03-14,1.57,0.01,3.15
Kentucky,2020-03-15,1.73,0.11,3.2600000000000002
Kentucky,2020-03-16,1.42,0.0,2.79
Kentucky,2020-03-17,1.73,0.23,3.15
Kentucky,2020-03-18,2.02,0.6,3.38
Kentucky,2020-03-19,2.12,0.84,3.29
Kentucky,2020-03-20,2.0300000000000002,0.91,3.0700000000000003
Kentucky,2020-03-21,2.0,1.03,2.94
Kentucky,2020-03-22,1.94,1.08,2.7800000000000002
Kentucky,2020-03-23,1.95,1.19,2.7
Kentucky,2020-03-24,1.8900000000000001,1.21,2.56
Kentucky,2020-03-25,1.87,1.26,2.47
Kentucky,2020-03-26,1.81,1.28,2.38
Kentucky,2020-03-27,1.71,1.2,2.2
Kentucky,2020-03-28,1.6400000000000001,1.19,2.12
Kentucky,2020-03-29,1.58,1.1500000000000001,2.0100000000000002
Kentucky,2020-03-30,1.49,1.09,1.9000000000000001
Kentucky,2020-03-31,1.3900000000000001,1.01,1.78
Kentucky,2020-04-01,1.31,0.9400000000000001,1.68
Kentucky,2020-04-02,1.27,0.92,1.6400000000000001
Kentucky,2020-04-03,1.22,0.88,1.58
Kentucky,2020-04-04,1.24,0.91,1.59
Kentucky,2020-04-05,1.26,0.9400000000000001,1.6
Kentucky,2020-04-06,1.29,0.97,1.6
Kentucky,2020-04-07,1.35,1.06,1.67
Kentucky,2020-04-08,1.34,1.05,1.6300000000000001
Kentucky,2020-04-09,1.31,1.03,1.59
Kentucky,2020-04-10,1.28,1.02,1.56
Kentucky,2020-04-11,1.19,0.93,1.46
Kentucky,2020-04-12,1.11,0.85,1.37
Kentucky,2020-04-13,1.04,0.79,1.31
Kentucky,2020-04-14,0.9500000000000001,0.6900000000000001,1.21
Kentucky,2020-04-15,0.93,0.67,1.2
Kentucky,2020-04-16,0.92,0.66,1.19
Kentucky,2020-04-17,0.9500000000000001,0.6900000000000001,1.23
Kentucky,2020-04-18,1.0,0.74,1.28
Louisiana,2020-03-09,2.0,0.34,6.43
Louisiana,2020-03-10,2.17,0.61,4.33
Louisiana,2020-03-11,2.45,0.96,4.04
Louisiana,2020-03-12,2.37,1.17,3.64
Louisiana,2020-03-13,2.29,1.27,3.29
Louisiana,2020-03-14,2.2600000000000002,1.43,3.12
Louisiana,2020-03-15,2.2600000000000002,1.57,2.99
Louisiana,2020-03-16,2.23,1.61,2.83
Louisiana,2020-03-17,2.22,1.69,2.74
Louisiana,2020-03-18,2.23,1.78,2.68
Louisiana,2020-03-19,2.11,1.73,2.52
Louisiana,2020-03-20,2.07,1.74,2.43
Louisiana,2020-03-21,1.96,1.6600000000000001,2.27
Louisiana,2020-03-22,1.9000000000000001,1.6400000000000001,2.19
Louisiana,2020-03-23,1.8800000000000001,1.6500000000000001,2.14
Louisiana,2020-03-24,1.84,1.6300000000000001,2.07
Louisiana,2020-03-25,1.79,1.59,1.99
Louisiana,2020-03-26,1.7,1.52,1.8900000000000001
Louisiana,2020-03-27,1.57,1.4000000000000001,1.74
Louisiana,2020-03-28,1.56,1.4000000000000001,1.72
Louisiana,2020-03-29,1.57,1.42,1.72
Louisiana,2020-03-30,1.73,1.59,1.86
Louisiana,2020-03-31,1.81,1.69,1.94
Louisiana,2020-04-01,1.87,1.76,1.98
Louisiana,2020-04-02,1.79,1.69,1.8900000000000001
Louisiana,2020-04-03,1.69,1.59,1.77
Louisiana,2020-04-04,1.53,1.45,1.62
Louisiana,2020-04-05,1.3900000000000001,1.31,1.48
Louisiana,2020-04-06,1.2,1.12,1.28
Louisiana,2020-04-07,1.07,0.99,1.1500000000000001
Louisiana,2020-04-08,0.9,0.81,0.97
Louisiana,2020-04-09,0.79,0.71,0.88
Louisiana,2020-04-10,0.68,0.59,0.76
Louisiana,2020-04-11,0.61,0.52,0.7000000000000001
Louisiana,2020-04-12,0.5700000000000001,0.48,0.67
Louisiana,2020-04-13,0.55,0.44,0.64
Louisiana,2020-04-14,0.5,0.39,0.6
Louisiana,2020-04-15,0.53,0.42,0.65
Louisiana,2020-04-16,0.54,0.42,0.66
Louisiana,2020-04-17,0.65,0.52,0.77
Louisiana,2020-04-18,0.75,0.63,0.89
Maine,2020-03-12,2.0,0.34,6.43
Maine,2020-03-13,2.17,0.51,4.99
Maine,2020-03-14,2.48,0.74,4.64
Maine,2020-03-15,2.23,0.75,3.92
Maine,2020-03-16,2.21,0.89,3.66
Maine,2020-03-17,2.02,0.84,3.23
Maine,2020-03-18,1.8900000000000001,0.86,2.99
Maine,2020-03-19,1.68,0.55,2.73
Maine,2020-03-20,1.6500000000000001,0.61,2.63
Maine,2020-03-21,1.44,0.47000000000000003,2.37
Maine,2020-03-22,1.45,0.54,2.35
Maine,2020-03-23,1.41,0.54,2.2600000000000002
Maine,2020-03-24,1.32,0.49,2.14
Maine,2020-03-25,1.34,0.55,2.14
Maine,2020-03-26,1.43,0.67,2.18
Maine,2020-03-27,1.42,0.7000000000000001,2.13
Maine,2020-03-28,1.5,0.8300000000000001,2.18
Maine,2020-03-29,1.47,0.8300000000000001,2.1
Maine,2020-03-30,1.4000000000000001,0.8,2.0100000000000002
Maine,2020-03-31,1.42,0.86,2.0100000000000002
Maine,2020-04-01,1.34,0.8,1.9000000000000001
Maine,2020-04-02,1.26,0.73,1.79
Maine,2020-04-03,1.18,0.66,1.7
Maine,2020-04-04,1.05,0.53,1.56
Maine,2020-04-05,0.93,0.41000000000000003,1.45
Maine,2020-04-06,0.86,0.34,1.4000000000000001
Maine,2020-04-07,0.76,0.23,1.31
Maine,2020-04-08,0.74,0.19,1.29
Maine,2020-04-09,0.75,0.18,1.31
Maine,2020-04-10,0.8200000000000001,0.24,1.41
Maine,2020-04-11,0.98,0.39,1.58
Maine,2020-04-12,1.16,0.5700000000000001,1.74
Maine,2020-04-13,1.26,0.68,1.81
Maine,2020-04-14,1.3,0.75,1.84
Maine,2020-04-15,1.24,0.72,1.78
Maine,2020-04-16,1.18,0.67,1.71
Maine,2020-04-17,1.03,0.52,1.55
Maine,2020-04-18,0.9500000000000001,0.44,1.48
Maryland,2020-03-06,2.0,0.34,6.43
Maryland,2020-03-07,1.8800000000000001,0.38,5.01
Maryland,2020-03-08,1.8,0.38,4.45
Maryland,2020-03-09,2.05,0.5,4.54
Maryland,2020-03-10,1.8900000000000001,0.47000000000000003,3.98
Maryland,2020-03-11,2.0,0.56,3.9
Maryland,2020-03-12,2.0300000000000002,0.63,3.71
Maryland,2020-03-13,2.0100000000000002,0.26,3.62
Maryland,2020-03-14,1.98,0.38,3.48
Maryland,2020-03-15,2.19,0.73,3.5300000000000002
Maryland,2020-03-16,2.21,0.97,3.4
Maryland,2020-03-17,2.29,1.24,3.31
Maryland,2020-03-18,2.24,1.33,3.1
Maryland,2020-03-19,2.18,1.41,2.94
Maryland,2020-03-20,2.06,1.3800000000000001,2.72
Maryland,2020-03-21,1.93,1.31,2.5
Maryland,2020-03-22,1.81,1.27,2.35
Maryland,2020-03-23,1.8,1.32,2.3000000000000003
Maryland,2020-03-24,1.84,1.41,2.29
Maryland,2020-03-25,1.98,1.6,2.38
Maryland,2020-03-26,2.0,1.6600000000000001,2.35
Maryland,2020-03-27,1.94,1.6400000000000001,2.25
Maryland,2020-03-28,1.85,1.57,2.12
Maryland,2020-03-29,1.75,1.5,2.0
Maryland,2020-03-30,1.6500000000000001,1.42,1.8800000000000001
Maryland,2020-03-31,1.6,1.3900000000000001,1.82
Maryland,2020-04-01,1.52,1.31,1.71
Maryland,2020-04-02,1.48,1.29,1.67
Maryland,2020-04-03,1.45,1.27,1.6300000000000001
Maryland,2020-04-04,1.4000000000000001,1.22,1.56
Maryland,2020-04-05,1.43,1.27,1.6
Maryland,2020-04-06,1.46,1.31,1.62
Maryland,2020-04-07,1.47,1.33,1.62
Maryland,2020-04-08,1.48,1.34,1.61
Maryland,2020-04-09,1.42,1.29,1.55
Maryland,2020-04-10,1.35,1.23,1.48
Maryland,2020-04-11,1.29,1.17,1.41
Maryland,2020-04-12,1.16,1.05,1.29
Maryland,2020-04-13,1.09,0.97,1.2
Maryland,2020-04-14,1.02,0.91,1.1400000000000001
Maryland,2020-04-15,0.97,0.86,1.09
Maryland,2020-04-16,0.97,0.85,1.08
Maryland,2020-04-17,0.98,0.86,1.09
Maryland,2020-04-18,1.02,0.91,1.1400000000000001
Massachusetts,2020-03-03,2.0,0.34,6.43
Massachusetts,2020-03-04,1.8800000000000001,0.38,5.01
Massachusetts,2020-03-05,2.65,0.68,5.5600000000000005
Massachusetts,2020-03-06,2.81,0.93,4.98
Massachusetts,2020-03-07,3.23,1.53,4.87
Massachusetts,2020-03-08,2.86,1.55,4.13
Massachusetts,2020-03-09,2.5500000000000003,1.52,3.62
Massachusetts,2020-03-10,2.19,1.22,3.1
Massachusetts,2020-03-11,1.92,1.07,2.75
Massachusetts,2020-03-12,1.6300000000000001,0.84,2.39
Massachusetts,2020-03-13,1.48,0.73,2.19
Massachusetts,2020-03-14,1.3,0.6,2.0100000000000002
Massachusetts,2020-03-15,1.28,0.6,1.96
Massachusetts,2020-03-16,1.32,0.67,1.98
Massachusetts,2020-03-17,1.49,0.88,2.11
Massachusetts,2020-03-18,1.71,1.16,2.29
Massachusetts,2020-03-19,1.8900000000000001,1.4000000000000001,2.41
Massachusetts,2020-03-20,1.97,1.52,2.41
Massachusetts,2020-03-21,2.12,1.74,2.52
Massachusetts,2020-03-22,2.33,2.0100000000000002,2.67
Massachusetts,2020-03-23,2.42,2.15,2.7
Massachusetts,2020-03-24,2.44,2.21,2.67
Massachusetts,2020-03-25,2.38,2.19,2.58
Massachusetts,2020-03-26,2.21,2.05,2.39
Massachusetts,2020-03-27,2.0300000000000002,1.8900000000000001,2.19
Massachusetts,2020-03-28,1.84,1.71,1.98
Massachusetts,2020-03-29,1.67,1.55,1.8
Massachusetts,2020-03-30,1.55,1.43,1.6600000000000001
Massachusetts,2020-03-31,1.45,1.35,1.57
Massachusetts,2020-04-01,1.3800000000000001,1.28,1.49
Massachusetts,2020-04-02,1.32,1.22,1.42
Massachusetts,2020-04-03,1.27,1.17,1.36
Massachusetts,2020-04-04,1.23,1.1400000000000001,1.33
Massachusetts,2020-04-05,1.21,1.12,1.3
Massachusetts,2020-04-06,1.22,1.1300000000000001,1.31
Massachusetts,2020-04-07,1.23,1.1500000000000001,1.32
Massachusetts,2020-04-08,1.25,1.17,1.34
Massachusetts,2020-04-09,1.3,1.21,1.37
Massachusetts,2020-04-10,1.29,1.22,1.3800000000000001
Massachusetts,2020-04-11,1.27,1.19,1.34
Massachusetts,2020-04-12,1.22,1.1500000000000001,1.3
Massachusetts,2020-04-13,1.16,1.09,1.24
Massachusetts,2020-04-14,1.11,1.03,1.17
Massachusetts,2020-04-15,1.06,0.99,1.1300000000000001
Massachusetts,2020-04-16,1.01,0.9400000000000001,1.08
Massachusetts,2020-04-17,1.02,0.9500000000000001,1.09
Massachusetts,2020-04-18,1.04,0.97,1.11
Michigan,2020-03-10,2.0,0.34,6.43
Michigan,2020-03-11,1.83,0.46,3.79
Michigan,2020-03-12,1.8900000000000001,0.63,3.45
Michigan,2020-03-13,1.75,0.65,3.04
Michigan,2020-03-14,1.59,0.61,2.69
Michigan,2020-03-15,1.55,0.65,2.5500000000000003
Michigan,2020-03-16,2.36,1.5,3.25
Michigan,2020-03-17,2.95,2.2600000000000002,3.63
Michigan,2020-03-18,3.13,2.61,3.66
Michigan,2020-03-19,2.94,2.5300000000000002,3.36
Michigan,2020-03-20,2.65,2.31,2.98
Michigan,2020-03-21,2.42,2.13,2.69
Michigan,2020-03-22,2.24,2.0,2.48
Michigan,2020-03-23,2.06,1.84,2.2600000000000002
Michigan,2020-03-24,1.95,1.77,2.15
Michigan,2020-03-25,1.8800000000000001,1.71,2.05
Michigan,2020-03-26,1.8,1.6600000000000001,1.97
Michigan,2020-03-27,1.74,1.61,1.8900000000000001
Michigan,2020-03-28,1.68,1.56,1.82
Michigan,2020-03-29,1.6500000000000001,1.53,1.77
Michigan,2020-03-30,1.61,1.5,1.72
Michigan,2020-03-31,1.58,1.48,1.69
Michigan,2020-04-01,1.53,1.44,1.6300000000000001
Michigan,2020-04-02,1.48,1.3800000000000001,1.56
Michigan,2020-04-03,1.4000000000000001,1.31,1.48
Michigan,2020-04-04,1.33,1.25,1.42
Michigan,2020-04-05,1.24,1.16,1.32
Michigan,2020-04-06,1.16,1.08,1.24
Michigan,2020-04-07,1.07,1.0,1.16
Michigan,2020-04-08,0.99,0.92,1.08
Michigan,2020-04-09,0.91,0.8300000000000001,0.99
Michigan,2020-04-10,0.84,0.76,0.92
Michigan,2020-04-11,0.8,0.72,0.89
Michigan,2020-04-12,0.78,0.7000000000000001,0.87
Michigan,2020-04-13,0.79,0.71,0.89
Michigan,2020-04-14,0.8200000000000001,0.73,0.91
Michigan,2020-04-15,0.8300000000000001,0.74,0.92
Michigan,2020-04-16,0.87,0.78,0.96
Michigan,2020-04-17,0.9,0.81,1.0
Michigan,2020-04-18,0.9,0.81,1.0
Minnesota,2020-03-08,2.0,0.34,6.43
Minnesota,2020-03-09,1.8800000000000001,0.38,5.01
Minnesota,2020-03-10,2.17,0.51,4.99
Minnesota,2020-03-11,2.2800000000000002,0.61,4.59
Minnesota,2020-03-12,2.25,0.68,4.16
Minnesota,2020-03-13,2.54,0.99,4.17
Minnesota,2020-03-14,2.37,1.05,3.74
Minnesota,2020-03-15,2.2600000000000002,0.9400000000000001,3.5300000000000002
Minnesota,2020-03-16,2.04,0.88,3.15
Minnesota,2020-03-17,1.8900000000000001,0.85,2.88
Minnesota,2020-03-18,1.78,0.84,2.68
Minnesota,2020-03-19,1.7,0.85,2.54
Minnesota,2020-03-20,1.71,0.9500000000000001,2.5
Minnesota,2020-03-21,1.7,1.01,2.43
Minnesota,2020-03-22,1.6500000000000001,0.99,2.29
Minnesota,2020-03-23,1.6600000000000001,1.05,2.25
Minnesota,2020-03-24,1.56,1.01,2.13
Minnesota,2020-03-25,1.49,0.96,2.0100000000000002
Minnesota,2020-03-26,1.47,0.97,1.96
Minnesota,2020-03-27,1.3800000000000001,0.91,1.86
Minnesota,2020-03-28,1.35,0.9,1.81
Minnesota,2020-03-29,1.32,0.88,1.75
Minnesota,2020-03-30,1.25,0.84,1.69
Minnesota,2020-03-31,1.2,0.78,1.6
Minnesota,2020-04-01,1.18,0.79,1.6
Minnesota,2020-04-02,1.1300000000000001,0.74,1.53
Minnesota,2020-04-03,1.1,0.71,1.49
Minnesota,2020-04-04,1.08,0.7000000000000001,1.48
Minnesota,2020-04-05,1.08,0.7000000000000001,1.47
Minnesota,2020-04-06,1.11,0.74,1.5
Minnesota,2020-04-07,1.16,0.79,1.53
Minnesota,2020-04-08,1.19,0.84,1.57
Minnesota,2020-04-09,1.28,0.93,1.6300000000000001
Minnesota,2020-04-10,1.3,0.96,1.6300000000000001
Minnesota,2020-04-11,1.26,0.93,1.58
Minnesota,2020-04-12,1.21,0.9,1.54
Minnesota,2020-04-13,1.1400000000000001,0.84,1.47
Minnesota,2020-04-14,1.11,0.81,1.43
Minnesota,2020-04-15,1.12,0.8200000000000001,1.43
Minnesota,2020-04-16,1.09,0.79,1.3900000000000001
Minnesota,2020-04-17,1.1400000000000001,0.85,1.44
Minnesota,2020-04-18,1.2,0.92,1.5
Mississippi,2020-03-11,2.0,0.34,6.43
Mississippi,2020-03-12,1.8,0.38,4.45
Mississippi,2020-03-13,1.69,0.37,3.85
Mississippi,2020-03-14,1.83,0.46,3.79
Mississippi,2020-03-15,1.8900000000000001,0.54,3.62
Mississippi,2020-03-16,2.05,0.72,3.61
Mississippi,2020-03-17,2.32,1.05,3.69
Mississippi,2020-03-18,2.58,1.35,3.7600000000000002
Mississippi,2020-03-19,2.77,1.81,3.74
Mississippi,2020-03-20,2.6,1.82,3.4
Mississippi,2020-03-21,2.4,1.74,3.06
Mississippi,2020-03-22,2.16,1.59,2.73
Mississippi,2020-03-23,2.02,1.52,2.5300000000000002
Mississippi,2020-03-24,1.85,1.41,2.32
Mississippi,2020-03-25,1.71,1.3,2.13
Mississippi,2020-03-26,1.58,1.2,1.97
Mississippi,2020-03-27,1.48,1.1300000000000001,1.86
Mississippi,2020-03-28,1.36,1.01,1.7
Mississippi,2020-03-29,1.32,1.0,1.67
Mississippi,2020-03-30,1.25,0.9400000000000001,1.59
Mississippi,2020-03-31,1.25,0.9500000000000001,1.58
Mississippi,2020-04-01,1.24,0.9500000000000001,1.56
Mississippi,2020-04-02,1.25,0.96,1.55
Mississippi,2020-04-03,1.24,0.9500000000000001,1.52
Mississippi,2020-04-04,1.25,0.98,1.54
Mississippi,2020-04-05,1.21,0.9400000000000001,1.48
Mississippi,2020-04-06,1.22,0.96,1.49
Mississippi,2020-04-07,1.2,0.9400000000000001,1.45
Mississippi,2020-04-08,1.21,0.97,1.47
Mississippi,2020-04-09,1.19,0.9500000000000001,1.44
Mississippi,2020-04-10,1.18,0.9500000000000001,1.43
Mississippi,2020-04-11,1.1300000000000001,0.9,1.37
Mississippi,2020-04-12,1.1400000000000001,0.9,1.36
Mississippi,2020-04-13,1.12,0.9,1.36
Mississippi,2020-04-14,1.12,0.91,1.36
Mississippi,2020-04-15,1.11,0.89,1.33
Mississippi,2020-04-16,1.11,0.9,1.34
Mississippi,2020-04-17,1.09,0.87,1.3
Mississippi,2020-04-18,1.09,0.88,1.31
Missouri,2020-03-11,2.0,0.34,6.43
Missouri,2020-03-12,1.8800000000000001,0.38,5.01
Missouri,2020-03-13,1.8,0.38,4.45
Missouri,2020-03-14,2.05,0.5,4.54
Missouri,2020-03-15,2.17,0.61,4.33
Missouri,2020-03-16,2.16,0.68,4.01
Missouri,2020-03-17,2.63,1.09,4.2
Missouri,2020-03-18,2.75,1.26,4.09
Missouri,2020-03-19,2.75,1.59,3.87
Missouri,2020-03-20,2.57,1.62,3.49
Missouri,2020-03-21,2.45,1.6600000000000001,3.22
Missouri,2020-03-22,2.41,1.76,3.0700000000000003
Missouri,2020-03-23,2.37,1.81,2.91
Missouri,2020-03-24,2.27,1.79,2.73
Missouri,2020-03-25,2.18,1.77,2.58
Missouri,2020-03-26,1.98,1.62,2.34
Missouri,2020-03-27,1.81,1.49,2.14
Missouri,2020-03-28,1.7,1.41,2.0100000000000002
Missouri,2020-03-29,1.6,1.32,1.87
Missouri,2020-03-30,1.55,1.3,1.82
Missouri,2020-03-31,1.51,1.27,1.76
Missouri,2020-04-01,1.43,1.2,1.6600000000000001
Missouri,2020-04-02,1.35,1.1300000000000001,1.57
Missouri,2020-04-03,1.29,1.09,1.52
Missouri,2020-04-04,1.22,1.01,1.42
Missouri,2020-04-05,1.2,0.99,1.3900000000000001
Missouri,2020-04-06,1.16,0.97,1.37
Missouri,2020-04-07,1.12,0.93,1.32
Missouri,2020-04-08,1.09,0.9,1.29
Missouri,2020-04-09,1.06,0.87,1.25
Missouri,2020-04-10,1.01,0.8200000000000001,1.2
Missouri,2020-04-11,1.0,0.81,1.19
Missouri,2020-04-12,0.96,0.78,1.17
Missouri,2020-04-13,0.9400000000000001,0.75,1.1400000000000001
Missouri,2020-04-14,0.91,0.71,1.1
Missouri,2020-04-15,0.89,0.7000000000000001,1.1
Missouri,2020-04-16,0.91,0.71,1.11
Missouri,2020-04-17,0.9500000000000001,0.75,1.1500000000000001
Missouri,2020-04-18,0.96,0.77,1.18
Montana,2020-03-13,2.0,0.34,6.43
Montana,2020-03-14,1.8800000000000001,0.38,5.01
Montana,2020-03-15,1.8,0.38,4.45
Montana,2020-03-16,2.05,0.5,4.54
Montana,2020-03-17,1.8900000000000001,0.47000000000000003,3.98
Montana,2020-03-18,2.0,0.56,3.9
Montana,2020-03-19,2.0300000000000002,0.63,3.71
Montana,2020-03-20,2.0100000000000002,0.26,3.62
Montana,2020-03-21,1.98,0.38,3.48
Montana,2020-03-22,1.93,0.48,3.31
Montana,2020-03-23,1.86,0.51,3.08
Montana,2020-03-24,2.07,0.91,3.21
Montana,2020-03-25,2.04,1.02,3.04
Montana,2020-03-26,1.93,1.03,2.83
Montana,2020-03-27,1.8,0.99,2.62
Montana,2020-03-28,1.6300000000000001,0.87,2.37
Montana,2020-03-29,1.48,0.75,2.16
Montana,2020-03-30,1.34,0.67,2.0300000000000002
Montana,2020-03-31,1.17,0.49,1.81
Montana,2020-04-01,1.08,0.44,1.75
Montana,2020-04-02,1.0,0.34,1.6400000000000001
Montana,2020-04-03,0.9400000000000001,0.28,1.58
Montana,2020-04-04,0.91,0.26,1.57
Montana,2020-04-05,0.88,0.23,1.55
Montana,2020-04-06,0.85,0.19,1.52
Montana,2020-04-07,0.84,0.18,1.53
Montana,2020-04-08,0.77,0.12,1.46
Montana,2020-04-09,0.76,0.08,1.43
Montana,2020-04-10,0.7000000000000001,0.05,1.3900000000000001
Montana,2020-04-11,0.72,0.05,1.43
Montana,2020-04-12,0.7000000000000001,0.0,1.3800000000000001
Montana,2020-04-13,0.67,0.0,1.3900000000000001
Montana,2020-04-14,0.64,0.0,1.4000000000000001
Montana,2020-04-15,0.67,0.0,1.45
Montana,2020-04-16,0.64,0.0,1.47
Montana,2020-04-17,0.67,0.0,1.53
Montana,2020-04-18,0.64,0.0,1.55
Nebraska,2020-03-07,2.0,0.34,6.43
Nebraska,2020-03-08,1.8800000000000001,0.38,5.01
Nebraska,2020-03-09,1.8,0.38,4.45
Nebraska,2020-03-10,2.05,0.5,4.54
Nebraska,2020-03-11,1.8900000000000001,0.47000000000000003,3.98
Nebraska,2020-03-12,1.78,0.48,3.67
Nebraska,2020-03-13,1.7,0.48,3.44
Nebraska,2020-03-14,1.35,0.0,3.12
Nebraska,2020-03-15,1.62,0.0,3.23
Nebraska,2020-03-16,1.53,0.0,3.0500000000000003
Nebraska,2020-03-17,1.47,0.01,2.92
Nebraska,2020-03-18,1.62,0.11,3.0500000000000003
Nebraska,2020-03-19,1.53,0.09,2.86
Nebraska,2020-03-20,1.62,0.23,2.95
Nebraska,2020-03-21,1.53,0.22,2.7800000000000002
Nebraska,2020-03-22,1.36,0.15,2.5300000000000002
Nebraska,2020-03-23,1.33,0.13,2.43
Nebraska,2020-03-24,1.3,0.18,2.42
Nebraska,2020-03-25,1.28,0.19,2.37
Nebraska,2020-03-26,1.43,0.34,2.5100000000000002
Nebraska,2020-03-27,1.6,0.56,2.63
Nebraska,2020-03-28,1.76,0.78,2.67
Nebraska,2020-03-29,1.8800000000000001,1.03,2.73
Nebraska,2020-03-30,1.87,1.1,2.62
Nebraska,2020-03-31,1.78,1.08,2.46
Nebraska,2020-04-01,1.68,1.04,2.31
Nebraska,2020-04-02,1.56,0.9500000000000001,2.13
Nebraska,2020-04-03,1.45,0.89,2.0100000000000002
Nebraska,2020-04-04,1.42,0.89,1.95
Nebraska,2020-04-05,1.35,0.85,1.87
Nebraska,2020-04-06,1.34,0.86,1.84
Nebraska,2020-04-07,1.34,0.88,1.82
Nebraska,2020-04-08,1.32,0.88,1.78
Nebraska,2020-04-09,1.34,0.91,1.77
Nebraska,2020-04-10,1.32,0.92,1.75
Nebraska,2020-04-11,1.27,0.87,1.67
Nebraska,2020-04-12,1.23,0.85,1.6300000000000001
Nebraska,2020-04-13,1.2,0.8300000000000001,1.59
Nebraska,2020-04-14,1.18,0.81,1.55
Nebraska,2020-04-15,1.24,0.88,1.6
Nebraska,2020-04-16,1.27,0.93,1.6300000000000001
Nebraska,2020-04-17,1.31,0.98,1.6500000000000001
Nebraska,2020-04-18,1.34,1.02,1.6600000000000001
Nevada,2020-03-08,2.0,0.34,6.43
Nevada,2020-03-09,1.8800000000000001,0.38,5.01
Nevada,2020-03-10,2.17,0.51,4.99
Nevada,2020-03-11,2.2800000000000002,0.61,4.59
Nevada,2020-03-12,2.25,0.68,4.16
Nevada,2020-03-13,2.16,0.75,3.8200000000000003
Nevada,2020-03-14,2.21,0.89,3.66
Nevada,2020-03-15,2.32,0.86,3.63
Nevada,2020-03-16,2.27,1.07,3.45
Nevada,2020-03-17,2.31,1.29,3.31
Nevada,2020-03-18,2.08,1.19,2.95
Nevada,2020-03-19,1.97,1.19,2.75
Nevada,2020-03-20,1.8800000000000001,1.18,2.58
Nevada,2020-03-21,1.8,1.17,2.44
Nevada,2020-03-22,1.75,1.17,2.32
Nevada,2020-03-23,1.83,1.31,2.35
Nevada,2020-03-24,1.79,1.31,2.25
Nevada,2020-03-25,1.81,1.3900000000000001,2.24
Nevada,2020-03-26,1.8,1.42,2.19
Nevada,2020-03-27,1.73,1.37,2.07
Nevada,2020-03-28,1.6300000000000001,1.31,1.96
Nevada,2020-03-29,1.53,1.24,1.85
Nevada,2020-03-30,1.42,1.1400000000000001,1.72
Nevada,2020-03-31,1.32,1.06,1.62
Nevada,2020-04-01,1.26,1.0,1.54
Nevada,2020-04-02,1.18,0.92,1.45
Nevada,2020-04-03,1.1300000000000001,0.87,1.3900000000000001
Nevada,2020-04-04,1.09,0.8300000000000001,1.34
Nevada,2020-04-05,1.06,0.81,1.32
Nevada,2020-04-06,1.04,0.8,1.31
Nevada,2020-04-07,1.06,0.81,1.31
Nevada,2020-04-08,1.03,0.78,1.28
Nevada,2020-04-09,1.03,0.78,1.28
Nevada,2020-04-10,1.02,0.78,1.28
Nevada,2020-04-11,1.0,0.76,1.26
Nevada,2020-04-12,0.97,0.73,1.23
Nevada,2020-04-13,0.9500000000000001,0.7000000000000001,1.2
Nevada,2020-04-14,0.91,0.67,1.18
Nevada,2020-04-15,0.9,0.64,1.1500000000000001
Nevada,2020-04-16,0.9,0.64,1.16
Nevada,2020-04-17,0.9,0.64,1.17
Nevada,2020-04-18,0.9500000000000001,0.6900000000000001,1.22
New Hampshire,2020-03-07,2.0,0.34,6.43
New Hampshire,2020-03-08,1.8800000000000001,0.38,5.01
New Hampshire,2020-03-09,1.8,0.38,4.45
New Hampshire,2020-03-10,1.74,0.4,4.13
New Hampshire,2020-03-11,1.69,0.37,3.85
New Hampshire,2020-03-12,1.6400000000000001,0.4,3.7
New Hampshire,2020-03-13,1.83,0.46,3.79
New Hampshire,2020-03-14,1.8900000000000001,0.01,3.7800000000000002
New Hampshire,2020-03-15,2.05,0.12,3.81
New Hampshire,2020-03-16,2.3000000000000003,0.46,3.98
New Hampshire,2020-03-17,2.15,0.51,3.62
New Hampshire,2020-03-18,2.15,0.73,3.49
New Hampshire,2020-03-19,1.8900000000000001,0.61,3.0700000000000003
New Hampshire,2020-03-20,1.81,0.68,2.92
New Hampshire,2020-03-21,1.67,0.64,2.7
New Hampshire,2020-03-22,1.6400000000000001,0.65,2.5500000000000003
New Hampshire,2020-03-23,1.55,0.65,2.43
New Hampshire,2020-03-24,1.57,0.74,2.4
New Hampshire,2020-03-25,1.5,0.72,2.2800000000000002
New Hampshire,2020-03-26,1.58,0.85,2.3000000000000003
New Hampshire,2020-03-27,1.57,0.89,2.24
New Hampshire,2020-03-28,1.6500000000000001,1.04,2.29
New Hampshire,2020-03-29,1.62,1.04,2.19
New Hampshire,2020-03-30,1.61,1.09,2.16
New Hampshire,2020-03-31,1.56,1.08,2.08
New Hampshire,2020-04-01,1.54,1.07,2.0
New Hampshire,2020-04-02,1.45,1.01,1.8900000000000001
New Hampshire,2020-04-03,1.37,0.9500000000000001,1.79
New Hampshire,2020-04-04,1.24,0.85,1.67
New Hampshire,2020-04-05,1.1400000000000001,0.74,1.54
New Hampshire,2020-04-06,1.01,0.61,1.41
New Hampshire,2020-04-07,0.92,0.52,1.33
New Hampshire,2020-04-08,0.84,0.44,1.27
New Hampshire,2020-04-09,0.8300000000000001,0.41000000000000003,1.25
New Hampshire,2020-04-10,0.84,0.41000000000000003,1.27
New Hampshire,2020-04-11,0.89,0.46,1.33
New Hampshire,2020-04-12,0.96,0.54,1.42
New Hampshire,2020-04-13,1.07,0.65,1.52
New Hampshire,2020-04-14,1.1400000000000001,0.71,1.56
New Hampshire,2020-04-15,1.21,0.79,1.62
New Hampshire,2020-04-16,1.21,0.81,1.62
New Hampshire,2020-04-17,1.2,0.8,1.59
New Hampshire,2020-04-18,1.1500000000000001,0.77,1.55
New Jersey,2020-03-04,2.0,0.34,6.43
New Jersey,2020-03-05,1.8800000000000001,0.38,5.01
New Jersey,2020-03-06,2.17,0.51,4.99
New Jersey,2020-03-07,1.96,0.5,4.24
New Jersey,2020-03-08,2.08,0.58,4.09
New Jersey,2020-03-09,2.09,0.67,3.87
New Jersey,2020-03-10,2.21,0.8300000000000001,3.7800000000000002
New Jersey,2020-03-11,2.41,0.84,3.85
New Jersey,2020-03-12,2.47,1.19,3.72
New Jersey,2020-03-13,2.52,1.46,3.5500000000000003
New Jersey,2020-03-14,2.69,1.84,3.5300000000000002
New Jersey,2020-03-15,2.7600000000000002,2.09,3.45
New Jersey,2020-03-16,2.9,2.37,3.44
New Jersey,2020-03-17,2.71,2.27,3.13
New Jersey,2020-03-18,2.61,2.27,2.98
New Jersey,2020-03-19,2.52,2.24,2.83
New Jersey,2020-03-20,2.48,2.24,2.73
New Jersey,2020-03-21,2.38,2.18,2.59
New Jersey,2020-03-22,2.23,2.06,2.41
New Jersey,2020-03-23,2.22,2.06,2.36
New Jersey,2020-03-24,2.18,2.05,2.31
New Jersey,2020-03-25,2.12,2.0100000000000002,2.24
New Jersey,2020-03-26,2.0300000000000002,1.93,2.13
New Jersey,2020-03-27,1.93,1.85,2.0300000000000002
New Jersey,2020-03-28,1.8,1.72,1.8800000000000001
New Jersey,2020-03-29,1.71,1.6400000000000001,1.79
New Jersey,2020-03-30,1.59,1.52,1.6600000000000001
New Jersey,2020-03-31,1.52,1.45,1.58
New Jersey,2020-04-01,1.46,1.4000000000000001,1.53
New Jersey,2020-04-02,1.4000000000000001,1.34,1.46
New Jersey,2020-04-03,1.33,1.27,1.3800000000000001
New Jersey,2020-04-04,1.28,1.23,1.34
New Jersey,2020-04-05,1.2,1.1500000000000001,1.26
New Jersey,2020-04-06,1.1500000000000001,1.1,1.21
New Jersey,2020-04-07,1.08,1.03,1.1400000000000001
New Jersey,2020-04-08,1.02,0.97,1.07
New Jersey,2020-04-09,0.99,0.9400000000000001,1.05
New Jersey,2020-04-10,0.96,0.91,1.02
New Jersey,2020-04-11,0.9500000000000001,0.9,1.0
New Jersey,2020-04-12,0.96,0.91,1.02
New Jersey,2020-04-13,0.98,0.92,1.03
New Jersey,2020-04-14,0.99,0.9400000000000001,1.05
New Jersey,2020-04-15,0.99,0.9400000000000001,1.05
New Jersey,2020-04-16,0.98,0.92,1.03
New Jersey,2020-04-17,0.98,0.92,1.03
New Jersey,2020-04-18,0.9500000000000001,0.9,1.01
New Mexico,2020-03-11,2.0,0.34,6.43
New Mexico,2020-03-12,1.74,0.4,4.13
New Mexico,2020-03-13,1.61,0.41000000000000003,3.56
New Mexico,2020-03-14,1.52,0.39,3.21
New Mexico,2020-03-15,1.46,0.39,2.99
New Mexico,2020-03-16,1.54,0.46,2.99
New Mexico,2020-03-17,1.48,0.47000000000000003,2.82
New Mexico,2020-03-18,1.49,0.1,2.7800000000000002
New Mexico,2020-03-19,1.57,0.2,2.83
New Mexico,2020-03-20,1.73,0.42,2.96
New Mexico,2020-03-21,1.8,0.6,2.95
New Mexico,2020-03-22,1.74,0.65,2.8000000000000003
New Mexico,2020-03-23,1.69,0.6900000000000001,2.67
New Mexico,2020-03-24,1.8,0.91,2.71
New Mexico,2020-03-25,1.76,0.92,2.5500000000000003
New Mexico,2020-03-26,1.74,1.0,2.49
New Mexico,2020-03-27,1.6600000000000001,0.97,2.34
New Mexico,2020-03-28,1.59,0.9400000000000001,2.21
New Mexico,2020-03-29,1.56,0.97,2.16
New Mexico,2020-03-30,1.49,0.9400000000000001,2.06
New Mexico,2020-03-31,1.46,0.9400000000000001,2.0
New Mexico,2020-04-01,1.44,0.9500000000000001,1.95
New Mexico,2020-04-02,1.44,0.98,1.93
New Mexico,2020-04-03,1.42,0.98,1.8800000000000001
New Mexico,2020-04-04,1.44,1.02,1.87
New Mexico,2020-04-05,1.41,1.01,1.82
New Mexico,2020-04-06,1.43,1.06,1.83
New Mexico,2020-04-07,1.3900000000000001,1.04,1.77
New Mexico,2020-04-08,1.37,1.03,1.73
New Mexico,2020-04-09,1.29,0.96,1.6300000000000001
New Mexico,2020-04-10,1.25,0.92,1.57
New Mexico,2020-04-11,1.1500000000000001,0.8300000000000001,1.47
New Mexico,2020-04-12,1.09,0.78,1.41
New Mexico,2020-04-13,1.02,0.71,1.34
New Mexico,2020-04-14,0.99,0.68,1.31
New Mexico,2020-04-15,0.97,0.66,1.29
New Mexico,2020-04-16,1.0,0.68,1.31
New Mexico,2020-04-17,1.01,0.7000000000000001,1.33
New Mexico,2020-04-18,1.06,0.76,1.3900000000000001
New York,2020-03-01,2.0,0.34,6.43
New York,2020-03-02,2.65,0.68,5.5600000000000005
New York,2020-03-03,2.64,0.87,4.67
New York,2020-03-04,2.98,1.43,4.57
New York,2020-03-05,2.7800000000000002,1.57,4.0200000000000005
New York,2020-03-06,2.5300000000000002,1.55,3.5300000000000002
New York,2020-03-07,2.32,1.47,3.12
New York,2020-03-08,2.13,1.4000000000000001,2.88
New York,2020-03-09,2.04,1.41,2.71
New York,2020-03-10,2.0,1.42,2.56
New York,2020-03-11,2.05,1.54,2.54
New York,2020-03-12,2.05,1.61,2.49
New York,2020-03-13,2.05,1.6600000000000001,2.43
New York,2020-03-14,2.1,1.76,2.43
New York,2020-03-15,2.35,2.07,2.64
New York,2020-03-16,2.68,2.45,2.91
New York,2020-03-17,2.97,2.79,3.15
New York,2020-03-18,2.97,2.83,3.12
New York,2020-03-19,2.88,2.77,3.0
New York,2020-03-20,2.71,2.61,2.79
New York,2020-03-21,2.47,2.39,2.54
New York,2020-03-22,2.27,2.2,2.33
New York,2020-03-23,2.06,2.0,2.12
New York,2020-03-24,1.86,1.81,1.92
New York,2020-03-25,1.71,1.6600000000000001,1.76
New York,2020-03-26,1.56,1.51,1.6
New York,2020-03-27,1.43,1.3900000000000001,1.48
New York,2020-03-28,1.35,1.31,1.3900000000000001
New York,2020-03-29,1.27,1.23,1.31
New York,2020-03-30,1.23,1.19,1.27
New York,2020-03-31,1.22,1.18,1.26
New York,2020-04-01,1.21,1.17,1.24
New York,2020-04-02,1.21,1.17,1.24
New York,2020-04-03,1.2,1.16,1.23
New York,2020-04-04,1.16,1.1300000000000001,1.2
New York,2020-04-05,1.1300000000000001,1.1,1.17
New York,2020-04-06,1.1,1.06,1.1300000000000001
New York,2020-04-07,1.07,1.04,1.11
New York,2020-04-08,1.05,1.01,1.08
New York,2020-04-09,1.03,1.0,1.07
New York,2020-04-10,1.01,0.97,1.04
New York,2020-04-11,0.98,0.9400000000000001,1.01
New York,2020-04-12,0.96,0.93,1.0
New York,2020-04-13,0.9500000000000001,0.92,0.99
New York,2020-04-14,0.9400000000000001,0.91,0.98
New York,2020-04-15,0.93,0.89,0.96
New York,2020-04-16,0.91,0.87,0.9400000000000001
New York,2020-04-17,0.91,0.87,0.9400000000000001
New York,2020-04-18,0.93,0.89,0.96
North Carolina,2020-03-06,2.0,0.34,6.43
North Carolina,2020-03-07,1.8800000000000001,0.38,5.01
North Carolina,2020-03-08,1.8,0.38,4.45
North Carolina,2020-03-09,2.05,0.5,4.54
North Carolina,2020-03-10,1.8900000000000001,0.47000000000000003,3.98
North Carolina,2020-03-11,2.0,0.56,3.9
North Carolina,2020-03-12,2.0300000000000002,0.63,3.71
North Carolina,2020-03-13,1.78,0.08,3.31
North Carolina,2020-03-14,1.85,0.23,3.34
North Carolina,2020-03-15,2.0100000000000002,0.48,3.41
North Carolina,2020-03-16,2.04,0.6900000000000001,3.33
North Carolina,2020-03-17,2.35,1.18,3.43
North Carolina,2020-03-18,2.37,1.41,3.31
North Carolina,2020-03-19,2.4,1.6,3.19
North Carolina,2020-03-20,2.2800000000000002,1.61,2.97
North Carolina,2020-03-21,2.15,1.55,2.72
North Carolina,2020-03-22,2.1,1.58,2.6
North Carolina,2020-03-23,2.0,1.53,2.43
North Carolina,2020-03-24,1.8900000000000001,1.49,2.3000000000000003
North Carolina,2020-03-25,1.83,1.47,2.2
North Carolina,2020-03-26,1.75,1.43,2.1
North Carolina,2020-03-27,1.68,1.37,1.98
North Carolina,2020-03-28,1.61,1.34,1.9100000000000001
North Carolina,2020-03-29,1.47,1.2,1.73
North Carolina,2020-03-30,1.41,1.16,1.67
North Carolina,2020-03-31,1.33,1.1,1.59
North Carolina,2020-04-01,1.29,1.06,1.53
North Carolina,2020-04-02,1.27,1.05,1.51
North Carolina,2020-04-03,1.27,1.05,1.49
North Carolina,2020-04-04,1.26,1.05,1.48
North Carolina,2020-04-05,1.28,1.08,1.49
North Carolina,2020-04-06,1.24,1.05,1.45
North Carolina,2020-04-07,1.21,1.02,1.41
North Carolina,2020-04-08,1.18,0.99,1.37
North Carolina,2020-04-09,1.1400000000000001,0.9500000000000001,1.32
North Carolina,2020-04-10,1.1,0.92,1.29
North Carolina,2020-04-11,1.05,0.87,1.24
North Carolina,2020-04-12,0.99,0.81,1.18
North Carolina,2020-04-13,0.97,0.79,1.16
North Carolina,2020-04-14,0.97,0.79,1.16
North Carolina,2020-04-15,0.97,0.79,1.16
North Carolina,2020-04-16,1.01,0.8300000000000001,1.2
North Carolina,2020-04-17,1.05,0.87,1.24
North Carolina,2020-04-18,1.09,0.91,1.28
North Dakota,2020-03-15,2.0,0.34,6.43
North Dakota,2020-03-16,2.35,0.48,5.72
North Dakota,2020-03-17,2.43,0.64,4.98
North Dakota,2020-03-18,2.64,0.87,4.67
North Dakota,2020-03-19,2.16,0.75,3.8200000000000003
North Dakota,2020-03-20,1.92,0.6900000000000001,3.37
North Dakota,2020-03-21,1.67,0.5700000000000001,2.95
North Dakota,2020-03-22,1.45,0.11,2.71
North Dakota,2020-03-23,1.28,0.06,2.47
North Dakota,2020-03-24,1.3800000000000001,0.15,2.59
North Dakota,2020-03-25,1.46,0.22,2.62
North Dakota,2020-03-26,1.6,0.4,2.73
North Dakota,2020-03-27,1.6,0.48,2.67
North Dakota,2020-03-28,1.6600000000000001,0.63,2.67
North Dakota,2020-03-29,1.6300000000000001,0.67,2.56
North Dakota,2020-03-30,1.54,0.65,2.42
North Dakota,2020-03-31,1.43,0.5700000000000001,2.24
North Dakota,2020-04-01,1.26,0.44,2.05
North Dakota,2020-04-02,1.17,0.37,1.94
North Dakota,2020-04-03,1.16,0.38,1.92
North Dakota,2020-04-04,1.12,0.36,1.8800000000000001
North Dakota,2020-04-05,1.08,0.33,1.83
North Dakota,2020-04-06,1.07,0.34,1.83
North Dakota,2020-04-07,1.0,0.26,1.73
North Dakota,2020-04-08,1.0,0.26,1.73
North Dakota,2020-04-09,0.96,0.24,1.71
North Dakota,2020-04-10,0.93,0.18,1.6400000000000001
North Dakota,2020-04-11,0.96,0.21,1.69
North Dakota,2020-04-12,1.0,0.24,1.73
North Dakota,2020-04-13,1.04,0.3,1.8
North Dakota,2020-04-14,1.22,0.47000000000000003,1.95
North Dakota,2020-04-15,1.47,0.76,2.16
North Dakota,2020-04-16,1.67,1.02,2.31
North Dakota,2020-04-17,1.76,1.1500000000000001,2.32
North Dakota,2020-04-18,1.8,1.27,2.33
Ohio,2020-03-09,2.0,0.34,6.43
Ohio,2020-03-10,1.8800000000000001,0.38,5.01
Ohio,2020-03-11,2.65,0.68,5.5600000000000005
Ohio,2020-03-12,2.81,0.93,4.98
Ohio,2020-03-13,2.63,1.05,4.3500000000000005
Ohio,2020-03-14,2.56,1.2,3.96
Ohio,2020-03-15,2.31,1.16,3.48
Ohio,2020-03-16,2.3000000000000003,1.22,3.37
Ohio,2020-03-17,2.21,1.25,3.09
Ohio,2020-03-18,2.18,1.37,2.96
Ohio,2020-03-19,2.25,1.57,2.93
Ohio,2020-03-20,2.25,1.68,2.85
Ohio,2020-03-21,2.17,1.67,2.68
Ohio,2020-03-22,2.09,1.6600000000000001,2.54
Ohio,2020-03-23,1.99,1.61,2.39
Ohio,2020-03-24,1.95,1.6,2.29
Ohio,2020-03-25,1.8900000000000001,1.59,2.21
Ohio,2020-03-26,1.82,1.55,2.11
Ohio,2020-03-27,1.75,1.5,2.0100000000000002
Ohio,2020-03-28,1.6600000000000001,1.43,1.9000000000000001
Ohio,2020-03-29,1.57,1.36,1.8
Ohio,2020-03-30,1.5,1.3,1.71
Ohio,2020-03-31,1.44,1.25,1.6400000000000001
Ohio,2020-04-01,1.4000000000000001,1.21,1.58
Ohio,2020-04-02,1.34,1.17,1.53
Ohio,2020-04-03,1.29,1.12,1.46
Ohio,2020-04-04,1.24,1.07,1.4000000000000001
Ohio,2020-04-05,1.19,1.03,1.36
Ohio,2020-04-06,1.1400000000000001,0.98,1.3
Ohio,2020-04-07,1.09,0.9400000000000001,1.26
Ohio,2020-04-08,1.05,0.9,1.22
Ohio,2020-04-09,1.02,0.86,1.17
Ohio,2020-04-10,0.99,0.8300000000000001,1.1400000000000001
Ohio,2020-04-11,0.98,0.8300000000000001,1.1500000000000001
Ohio,2020-04-12,0.99,0.84,1.16
Ohio,2020-04-13,1.04,0.88,1.19
Ohio,2020-04-14,1.12,0.96,1.27
Ohio,2020-04-15,1.25,1.1,1.4000000000000001
Ohio,2020-04-16,1.35,1.21,1.5
Ohio,2020-04-17,1.43,1.29,1.56
Ohio,2020-04-18,1.49,1.37,1.6300000000000001
Oklahoma,2020-03-12,2.0,0.34,6.43
Oklahoma,2020-03-13,1.8800000000000001,0.38,5.01
Oklahoma,2020-03-14,2.17,0.51,4.99
Oklahoma,2020-03-15,2.2800000000000002,0.61,4.59
Oklahoma,2020-03-16,2.5,0.8300000000000001,4.43
Oklahoma,2020-03-17,2.45,0.96,4.04
Oklahoma,2020-03-18,2.2,0.9400000000000001,3.56
Oklahoma,2020-03-19,2.04,0.6900000000000001,3.33
Oklahoma,2020-03-20,1.92,0.7000000000000001,3.06
Oklahoma,2020-03-21,1.74,0.65,2.8000000000000003
Oklahoma,2020-03-22,1.8800000000000001,0.9,2.84
Oklahoma,2020-03-23,2.06,1.2,2.9
Oklahoma,2020-03-24,2.2,1.45,2.91
Oklahoma,2020-03-25,2.24,1.6,2.85
Oklahoma,2020-03-26,2.08,1.54,2.64
Oklahoma,2020-03-27,1.9000000000000001,1.41,2.39
Oklahoma,2020-03-28,1.74,1.3,2.19
Oklahoma,2020-03-29,1.6300000000000001,1.23,2.06
Oklahoma,2020-03-30,1.57,1.19,1.96
Oklahoma,2020-03-31,1.53,1.18,1.9000000000000001
Oklahoma,2020-04-01,1.52,1.2,1.8800000000000001
Oklahoma,2020-04-02,1.48,1.17,1.81
Oklahoma,2020-04-03,1.42,1.11,1.71
Oklahoma,2020-04-04,1.35,1.07,1.6500000000000001
Oklahoma,2020-04-05,1.24,0.96,1.52
Oklahoma,2020-04-06,1.1400000000000001,0.87,1.42
Oklahoma,2020-04-07,1.05,0.79,1.34
Oklahoma,2020-04-08,0.9400000000000001,0.67,1.22
Oklahoma,2020-04-09,0.9,0.62,1.18
Oklahoma,2020-04-10,0.88,0.6,1.17
Oklahoma,2020-04-11,0.87,0.59,1.17
Oklahoma,2020-04-12,0.92,0.64,1.22
Oklahoma,2020-04-13,0.93,0.65,1.24
Oklahoma,2020-04-14,0.9400000000000001,0.65,1.24
Oklahoma,2020-04-15,0.97,0.67,1.26
Oklahoma,2020-04-16,0.9500000000000001,0.67,1.27
Oklahoma,2020-04-17,0.97,0.67,1.27
Oklahoma,2020-04-18,0.99,0.7000000000000001,1.3
Oregon,2020-03-05,2.0,0.34,6.43
Oregon,2020-03-06,2.35,0.48,5.72
Oregon,2020-03-07,2.05,0.5,4.54
Oregon,2020-03-08,2.17,0.61,4.33
Oregon,2020-03-09,2.16,0.68,4.01
Oregon,2020-03-10,1.93,0.64,3.54
Oregon,2020-03-11,1.79,0.6,3.22
Oregon,2020-03-12,1.56,0.08,2.9
Oregon,2020-03-13,1.49,0.1,2.7800000000000002
Oregon,2020-03-14,1.57,0.2,2.83
Oregon,2020-03-15,1.5,0.21,2.7
Oregon,2020-03-16,1.55,0.31,2.71
Oregon,2020-03-17,1.75,0.5700000000000001,2.84
Oregon,2020-03-18,1.77,0.71,2.79
Oregon,2020-03-19,1.82,0.86,2.74
Oregon,2020-03-20,1.78,0.92,2.63
Oregon,2020-03-21,1.69,0.91,2.48
Oregon,2020-03-22,1.69,0.97,2.41
Oregon,2020-03-23,1.6500000000000001,0.99,2.32
Oregon,2020-03-24,1.7,1.1,2.32
Oregon,2020-03-25,1.74,1.19,2.3000000000000003
Oregon,2020-03-26,1.74,1.23,2.24
Oregon,2020-03-27,1.68,1.22,2.15
Oregon,2020-03-28,1.62,1.19,2.05
Oregon,2020-03-29,1.48,1.08,1.8900000000000001
Oregon,2020-03-30,1.3900000000000001,1.01,1.78
Oregon,2020-03-31,1.28,0.92,1.67
Oregon,2020-04-01,1.21,0.86,1.59
Oregon,2020-04-02,1.1400000000000001,0.78,1.49
Oregon,2020-04-03,1.1,0.76,1.47
Oregon,2020-04-04,1.05,0.7000000000000001,1.4000000000000001
Oregon,2020-04-05,1.03,0.6900000000000001,1.3900000000000001
Oregon,2020-04-06,0.99,0.65,1.35
Oregon,2020-04-07,0.96,0.61,1.31
Oregon,2020-04-08,0.93,0.58,1.29
Oregon,2020-04-09,0.92,0.5700000000000001,1.29
Oregon,2020-04-10,0.91,0.54,1.26
Oregon,2020-04-11,0.92,0.56,1.29
Oregon,2020-04-12,0.91,0.55,1.29
Oregon,2020-04-13,0.92,0.56,1.31
Oregon,2020-04-14,0.93,0.55,1.3
Oregon,2020-04-15,0.91,0.53,1.29
Oregon,2020-04-16,0.89,0.5,1.27
Oregon,2020-04-17,0.88,0.48,1.26
Oregon,2020-04-18,0.89,0.51,1.31
Pennsylvania,2020-03-06,2.0,0.34,6.43
Pennsylvania,2020-03-07,1.8,0.38,4.45
Pennsylvania,2020-03-08,1.96,0.5,4.24
Pennsylvania,2020-03-09,1.78,0.48,3.67
Pennsylvania,2020-03-10,1.84,0.55,3.5300000000000002
Pennsylvania,2020-03-11,2.0,0.7000000000000001,3.5100000000000002
Pennsylvania,2020-03-12,2.04,0.81,3.35
Pennsylvania,2020-03-13,2.11,0.8,3.38
Pennsylvania,2020-03-14,2.04,0.88,3.15
Pennsylvania,2020-03-15,1.96,0.9400000000000001,2.96
Pennsylvania,2020-03-16,2.0300000000000002,1.1300000000000001,2.9
Pennsylvania,2020-03-17,2.1,1.33,2.88
Pennsylvania,2020-03-18,2.22,1.56,2.89
Pennsylvania,2020-03-19,2.2800000000000002,1.71,2.84
Pennsylvania,2020-03-20,2.23,1.75,2.72
Pennsylvania,2020-03-21,2.2,1.79,2.63
Pennsylvania,2020-03-22,2.17,1.81,2.5300000000000002
Pennsylvania,2020-03-23,2.21,1.9000000000000001,2.52
Pennsylvania,2020-03-24,2.22,1.95,2.48
Pennsylvania,2020-03-25,2.18,1.96,2.42
Pennsylvania,2020-03-26,2.1,1.9000000000000001,2.3000000000000003
Pennsylvania,2020-03-27,1.99,1.82,2.18
Pennsylvania,2020-03-28,1.8800000000000001,1.72,2.04
Pennsylvania,2020-03-29,1.76,1.62,1.9100000000000001
Pennsylvania,2020-03-30,1.67,1.54,1.81
Pennsylvania,2020-03-31,1.62,1.5,1.75
Pennsylvania,2020-04-01,1.59,1.48,1.71
Pennsylvania,2020-04-02,1.57,1.47,1.69
Pennsylvania,2020-04-03,1.54,1.44,1.6400000000000001
Pennsylvania,2020-04-04,1.5,1.4000000000000001,1.59
Pennsylvania,2020-04-05,1.45,1.36,1.54
Pennsylvania,2020-04-06,1.4000000000000001,1.32,1.49
Pennsylvania,2020-04-07,1.34,1.26,1.42
Pennsylvania,2020-04-08,1.28,1.2,1.36
Pennsylvania,2020-04-09,1.2,1.12,1.27
Pennsylvania,2020-04-10,1.12,1.04,1.19
Pennsylvania,2020-04-11,1.05,0.97,1.12
Pennsylvania,2020-04-12,0.97,0.9,1.05
Pennsylvania,2020-04-13,0.92,0.84,0.99
Pennsylvania,2020-04-14,0.89,0.8200000000000001,0.98
Pennsylvania,2020-04-15,0.89,0.81,0.97
Pennsylvania,2020-04-16,0.91,0.8300000000000001,0.99
Pennsylvania,2020-04-17,0.96,0.88,1.04
Pennsylvania,2020-04-18,1.02,0.9400000000000001,1.1
Rhode Island,2020-03-10,2.0,0.34,6.43
Rhode Island,2020-03-11,2.35,0.48,5.72
Rhode Island,2020-03-12,2.43,0.64,4.98
Rhode Island,2020-03-13,2.08,0.58,4.09
Rhode Island,2020-03-14,1.8900000000000001,0.54,3.62
Rhode Island,2020-03-15,1.77,0.55,3.36
Rhode Island,2020-03-16,1.82,0.6,3.2800000000000002
Rhode Island,2020-03-17,1.59,0.11,2.99
Rhode Island,2020-03-18,1.67,0.22,3.0300000000000002
Rhode Island,2020-03-19,1.83,0.44,3.13
Rhode Island,2020-03-20,1.99,0.75,3.2
Rhode Island,2020-03-21,1.95,0.8300000000000001,3.0100000000000002
Rhode Island,2020-03-22,1.8900000000000001,0.89,2.84
Rhode Island,2020-03-23,1.78,0.88,2.65
Rhode Island,2020-03-24,1.78,0.98,2.59
Rhode Island,2020-03-25,1.6500000000000001,0.9,2.38
Rhode Island,2020-03-26,1.62,0.93,2.3000000000000003
Rhode Island,2020-03-27,1.74,1.12,2.37
Rhode Island,2020-03-28,1.84,1.28,2.41
Rhode Island,2020-03-29,1.8800000000000001,1.3800000000000001,2.39
Rhode Island,2020-03-30,1.83,1.3800000000000001,2.29
Rhode Island,2020-03-31,1.71,1.28,2.11
Rhode Island,2020-04-01,1.61,1.22,1.99
Rhode Island,2020-04-02,1.5,1.1500000000000001,1.8800000000000001
Rhode Island,2020-04-03,1.4000000000000001,1.06,1.75
Rhode Island,2020-04-04,1.37,1.05,1.71
Rhode Island,2020-04-05,1.3900000000000001,1.08,1.71
Rhode Island,2020-04-06,1.45,1.16,1.76
Rhode Island,2020-04-07,1.55,1.28,1.84
Rhode Island,2020-04-08,1.62,1.36,1.87
Rhode Island,2020-04-09,1.6600000000000001,1.42,1.8900000000000001
Rhode Island,2020-04-10,1.6300000000000001,1.42,1.86
Rhode Island,2020-04-11,1.56,1.36,1.77
Rhode Island,2020-04-12,1.46,1.27,1.6600000000000001
Rhode Island,2020-04-13,1.35,1.17,1.54
Rhode Island,2020-04-14,1.25,1.07,1.43
Rhode Island,2020-04-15,1.16,0.99,1.34
Rhode Island,2020-04-16,1.1,0.93,1.28
Rhode Island,2020-04-17,1.06,0.89,1.24
Rhode Island,2020-04-18,1.03,0.86,1.2
South Carolina,2020-03-06,2.0,0.34,6.43
South Carolina,2020-03-07,1.8,0.38,4.45
South Carolina,2020-03-08,1.69,0.37,3.85
South Carolina,2020-03-09,1.61,0.41000000000000003,3.56
South Carolina,2020-03-10,1.55,0.38,3.29
South Carolina,2020-03-11,1.5,0.39,3.13
South Carolina,2020-03-12,1.61,0.46,3.17
South Carolina,2020-03-13,1.5,0.01,2.99
South Carolina,2020-03-14,1.6500000000000001,0.09,3.09
South Carolina,2020-03-15,1.8900000000000001,0.35000000000000003,3.3200000000000003
South Carolina,2020-03-16,2.11,0.72,3.44
South Carolina,2020-03-17,2.24,1.04,3.39
South Carolina,2020-03-18,2.35,1.35,3.34
South Carolina,2020-03-19,2.2,1.34,3.0500000000000003
South Carolina,2020-03-20,2.24,1.5,2.96
South Carolina,2020-03-21,2.13,1.5,2.77
South Carolina,2020-03-22,2.0300000000000002,1.48,2.6
South Carolina,2020-03-23,1.85,1.36,2.37
South Carolina,2020-03-24,1.7,1.24,2.16
South Carolina,2020-03-25,1.6,1.18,2.04
South Carolina,2020-03-26,1.55,1.16,1.96
South Carolina,2020-03-27,1.49,1.12,1.87
South Carolina,2020-03-28,1.53,1.17,1.87
South Carolina,2020-03-29,1.54,1.22,1.8800000000000001
South Carolina,2020-03-30,1.61,1.31,1.92
South Carolina,2020-03-31,1.61,1.33,1.9000000000000001
South Carolina,2020-04-01,1.57,1.32,1.85
South Carolina,2020-04-02,1.49,1.25,1.75
South Carolina,2020-04-03,1.3900000000000001,1.16,1.6300000000000001
South Carolina,2020-04-04,1.28,1.06,1.52
South Carolina,2020-04-05,1.17,0.9500000000000001,1.4000000000000001
South Carolina,2020-04-06,1.07,0.84,1.28
South Carolina,2020-04-07,1.04,0.8200000000000001,1.26
South Carolina,2020-04-08,1.01,0.79,1.23
South Carolina,2020-04-09,1.0,0.78,1.22
South Carolina,2020-04-10,0.98,0.77,1.21
South Carolina,2020-04-11,0.9500000000000001,0.72,1.16
South Carolina,2020-04-12,0.91,0.6900000000000001,1.1400000000000001
South Carolina,2020-04-13,0.89,0.67,1.1300000000000001
South Carolina,2020-04-14,0.85,0.61,1.07
South Carolina,2020-04-15,0.87,0.64,1.11
South Carolina,2020-04-16,0.9,0.67,1.1500000000000001
South Carolina,2020-04-17,0.9500000000000001,0.72,1.2
South Carolina,2020-04-18,1.03,0.8,1.28
South Dakota,2020-03-16,2.0,0.34,6.43
South Dakota,2020-03-17,1.8800000000000001,0.38,5.01
South Dakota,2020-03-18,1.8,0.38,4.45
South Dakota,2020-03-19,1.74,0.4,4.13
South Dakota,2020-03-20,1.96,0.5,4.24
South Dakota,2020-03-21,2.08,0.58,4.09
South Dakota,2020-03-22,2.09,0.67,3.87
South Dakota,2020-03-23,2.07,0.27,3.73
South Dakota,2020-03-24,2.0300000000000002,0.39,3.56
South Dakota,2020-03-25,1.96,0.48,3.36
South Dakota,2020-03-26,2.0100000000000002,0.68,3.2800000000000002
South Dakota,2020-03-27,1.8900000000000001,0.68,3.0100000000000002
South Dakota,2020-03-28,1.73,0.64,2.77
South Dakota,2020-03-29,1.62,0.59,2.56
South Dakota,2020-03-30,1.59,0.66,2.5
South Dakota,2020-03-31,1.56,0.7000000000000001,2.42
South Dakota,2020-04-01,1.58,0.77,2.37
South Dakota,2020-04-02,1.54,0.8,2.3000000000000003
South Dakota,2020-04-03,1.54,0.84,2.24
South Dakota,2020-04-04,1.53,0.88,2.19
South Dakota,2020-04-05,1.57,0.96,2.18
South Dakota,2020-04-06,1.56,1.0,2.14
South Dakota,2020-04-07,1.62,1.08,2.13
South Dakota,2020-04-08,1.6300000000000001,1.1300000000000001,2.1
South Dakota,2020-04-09,1.6500000000000001,1.21,2.11
South Dakota,2020-04-10,1.6600000000000001,1.25,2.08
South Dakota,2020-04-11,1.6600000000000001,1.28,2.04
South Dakota,2020-04-12,1.6500000000000001,1.29,1.99
South Dakota,2020-04-13,1.62,1.29,1.94
South Dakota,2020-04-14,1.53,1.23,1.84
South Dakota,2020-04-15,1.45,1.17,1.75
South Dakota,2020-04-16,1.34,1.06,1.61
South Dakota,2020-04-17,1.24,0.98,1.52
South Dakota,2020-04-18,1.16,0.9,1.43
Tennessee,2020-03-06,2.0,0.34,6.43
Tennessee,2020-03-07,1.8800000000000001,0.38,5.01
Tennessee,2020-03-08,1.8,0.38,4.45
Tennessee,2020-03-09,2.05,0.5,4.54
Tennessee,2020-03-10,2.17,0.61,4.33
Tennessee,2020-03-11,2.16,0.68,4.01
Tennessee,2020-03-12,2.2800000000000002,0.8200000000000001,3.85
Tennessee,2020-03-13,2.15,0.51,3.62
Tennessee,2020-03-14,2.15,0.73,3.49
Tennessee,2020-03-15,2.09,0.8200000000000001,3.24
Tennessee,2020-03-16,2.22,1.16,3.25
Tennessee,2020-03-17,2.36,1.46,3.22
Tennessee,2020-03-18,2.42,1.69,3.17
Tennessee,2020-03-19,2.41,1.79,3.0300000000000002
Tennessee,2020-03-20,2.3000000000000003,1.76,2.81
Tennessee,2020-03-21,2.18,1.73,2.64
Tennessee,2020-03-22,2.05,1.6600000000000001,2.46
Tennessee,2020-03-23,1.9100000000000001,1.55,2.2600000000000002
Tennessee,2020-03-24,1.8,1.48,2.13
Tennessee,2020-03-25,1.69,1.3900000000000001,1.98
Tennessee,2020-03-26,1.59,1.31,1.86
Tennessee,2020-03-27,1.49,1.24,1.76
Tennessee,2020-03-28,1.43,1.19,1.68
Tennessee,2020-03-29,1.49,1.25,1.71
Tennessee,2020-03-30,1.49,1.28,1.72
Tennessee,2020-03-31,1.46,1.26,1.67
Tennessee,2020-04-01,1.4000000000000001,1.21,1.6
Tennessee,2020-04-02,1.3,1.12,1.5
Tennessee,2020-04-03,1.21,1.03,1.4000000000000001
Tennessee,2020-04-04,1.12,0.9400000000000001,1.3
Tennessee,2020-04-05,0.99,0.81,1.17
Tennessee,2020-04-06,0.93,0.75,1.12
Tennessee,2020-04-07,0.89,0.7000000000000001,1.07
Tennessee,2020-04-08,0.86,0.68,1.06
Tennessee,2020-04-09,0.87,0.68,1.06
Tennessee,2020-04-10,0.93,0.75,1.1400000000000001
Tennessee,2020-04-11,0.97,0.79,1.18
Tennessee,2020-04-12,1.01,0.8200000000000001,1.21
Tennessee,2020-04-13,0.99,0.8,1.19
Tennessee,2020-04-14,0.97,0.78,1.17
Tennessee,2020-04-15,0.98,0.79,1.18
Tennessee,2020-04-16,1.01,0.8200000000000001,1.21
Tennessee,2020-04-17,1.0,0.81,1.2
Tennessee,2020-04-18,1.03,0.85,1.24
Texas,2020-03-03,2.0,0.34,6.43
Texas,2020-03-04,1.8800000000000001,0.38,5.01
Texas,2020-03-05,2.17,0.51,4.99
Texas,2020-03-06,1.96,0.5,4.24
Texas,2020-03-07,2.08,0.58,4.09
Texas,2020-03-08,1.8900000000000001,0.54,3.62
Texas,2020-03-09,1.77,0.55,3.36
Texas,2020-03-10,1.95,0.25,3.52
Texas,2020-03-11,2.1,0.52,3.5700000000000003
Texas,2020-03-12,1.99,0.5700000000000001,3.3000000000000003
Texas,2020-03-13,1.8900000000000001,0.61,3.0700000000000003
Texas,2020-03-14,1.73,0.58,2.83
Texas,2020-03-15,1.8900000000000001,0.85,2.88
Texas,2020-03-16,2.15,1.25,3.0100000000000002
Texas,2020-03-17,2.42,1.69,3.17
Texas,2020-03-18,2.6,2.0,3.21
Texas,2020-03-19,2.48,1.99,3.0
Texas,2020-03-20,2.2800000000000002,1.86,2.72
Texas,2020-03-21,2.06,1.69,2.44
Texas,2020-03-22,1.9000000000000001,1.57,2.24
Texas,2020-03-23,1.87,1.57,2.17
Texas,2020-03-24,1.86,1.59,2.13
Texas,2020-03-25,1.79,1.54,2.0300000000000002
Texas,2020-03-26,1.78,1.57,2.02
Texas,2020-03-27,1.71,1.51,1.92
Texas,2020-03-28,1.6600000000000001,1.48,1.86
Texas,2020-03-29,1.62,1.45,1.8
Texas,2020-03-30,1.56,1.4000000000000001,1.73
Texas,2020-03-31,1.52,1.37,1.68
Texas,2020-04-01,1.51,1.37,1.6600000000000001
Texas,2020-04-02,1.43,1.3,1.57
Texas,2020-04-03,1.42,1.29,1.55
Texas,2020-04-04,1.3800000000000001,1.26,1.51
Texas,2020-04-05,1.35,1.23,1.47
Texas,2020-04-06,1.35,1.24,1.47
Texas,2020-04-07,1.32,1.21,1.43
Texas,2020-04-08,1.28,1.17,1.3800000000000001
Texas,2020-04-09,1.24,1.1300000000000001,1.33
Texas,2020-04-10,1.1500000000000001,1.05,1.25
Texas,2020-04-11,1.08,0.98,1.18
Texas,2020-04-12,1.01,0.91,1.11
Texas,2020-04-13,0.93,0.8300000000000001,1.03
Texas,2020-04-14,0.9,0.8,1.0
Texas,2020-04-15,0.89,0.79,1.0
Texas,2020-04-16,0.91,0.81,1.02
Texas,2020-04-17,0.97,0.87,1.08
Texas,2020-04-18,1.03,0.92,1.1300000000000001
Utah,2020-03-09,2.0,0.34,6.43
Utah,2020-03-10,1.8800000000000001,0.38,5.01
Utah,2020-03-11,2.17,0.51,4.99
Utah,2020-03-12,2.2800000000000002,0.61,4.59
Utah,2020-03-13,2.5,0.8300000000000001,4.43
Utah,2020-03-14,2.45,0.96,4.04
Utah,2020-03-15,2.32,1.05,3.69
Utah,2020-03-16,2.22,0.91,3.46
Utah,2020-03-17,2.1,0.97,3.2
Utah,2020-03-18,1.99,0.99,2.96
Utah,2020-03-19,1.99,1.11,2.85
Utah,2020-03-20,1.99,1.22,2.7600000000000002
Utah,2020-03-21,1.98,1.29,2.65
Utah,2020-03-22,1.9000000000000001,1.31,2.5300000000000002
Utah,2020-03-23,1.8,1.25,2.35
Utah,2020-03-24,1.71,1.22,2.23
Utah,2020-03-25,1.67,1.22,2.15
Utah,2020-03-26,1.6400000000000001,1.22,2.08
Utah,2020-03-27,1.59,1.2,2.0
Utah,2020-03-28,1.53,1.1500000000000001,1.8900000000000001
Utah,2020-03-29,1.47,1.12,1.82
Utah,2020-03-30,1.3800000000000001,1.05,1.72
Utah,2020-03-31,1.34,1.03,1.67
Utah,2020-04-01,1.31,1.01,1.6300000000000001
Utah,2020-04-02,1.31,1.01,1.6
Utah,2020-04-03,1.28,0.99,1.56
Utah,2020-04-04,1.23,0.96,1.52
Utah,2020-04-05,1.16,0.89,1.44
Utah,2020-04-06,1.11,0.85,1.3900000000000001
Utah,2020-04-07,1.04,0.78,1.32
Utah,2020-04-08,0.98,0.72,1.26
Utah,2020-04-09,0.91,0.64,1.18
Utah,2020-04-10,0.86,0.58,1.1300000000000001
Utah,2020-04-11,0.8,0.53,1.1
Utah,2020-04-12,0.79,0.51,1.09
Utah,2020-04-13,0.8300000000000001,0.53,1.12
Utah,2020-04-14,0.91,0.61,1.21
Utah,2020-04-15,0.99,0.7000000000000001,1.3
Utah,2020-04-16,1.06,0.77,1.37
Utah,2020-04-17,1.11,0.8200000000000001,1.41
Utah,2020-04-18,1.18,0.9,1.48
Vermont,2020-03-12,2.0,0.34,6.43
Vermont,2020-03-13,1.8800000000000001,0.38,5.01
Vermont,2020-03-14,2.17,0.51,4.99
Vermont,2020-03-15,2.2800000000000002,0.61,4.59
Vermont,2020-03-16,2.0,0.56,3.9
Vermont,2020-03-17,2.0300000000000002,0.63,3.71
Vermont,2020-03-18,2.0,0.7000000000000001,3.5100000000000002
Vermont,2020-03-19,1.93,0.36,3.39
Vermont,2020-03-20,2.15,0.73,3.49
Vermont,2020-03-21,1.99,0.75,3.2
Vermont,2020-03-22,2.0300000000000002,0.91,3.0700000000000003
Vermont,2020-03-23,2.06,1.1,3.0
Vermont,2020-03-24,1.93,1.08,2.77
Vermont,2020-03-25,1.83,1.05,2.57
Vermont,2020-03-26,1.72,1.01,2.4
Vermont,2020-03-27,1.53,0.86,2.16
Vermont,2020-03-28,1.42,0.8,2.04
Vermont,2020-03-29,1.29,0.67,1.86
Vermont,2020-03-30,1.16,0.5700000000000001,1.74
Vermont,2020-03-31,1.1300000000000001,0.55,1.7
Vermont,2020-04-01,1.17,0.61,1.74
Vermont,2020-04-02,1.22,0.68,1.78
Vermont,2020-04-03,1.3,0.78,1.84
Vermont,2020-04-04,1.33,0.8300000000000001,1.85
Vermont,2020-04-05,1.29,0.8,1.78
Vermont,2020-04-06,1.23,0.75,1.7
Vermont,2020-04-07,1.1300000000000001,0.67,1.61
Vermont,2020-04-08,1.01,0.56,1.5
Vermont,2020-04-09,0.91,0.45,1.4000000000000001
Vermont,2020-04-10,0.8200000000000001,0.33,1.29
Vermont,2020-04-11,0.72,0.23,1.22
Vermont,2020-04-12,0.63,0.14,1.1500000000000001
Vermont,2020-04-13,0.5700000000000001,0.06,1.07
Vermont,2020-04-14,0.47000000000000003,0.0,0.97
Vermont,2020-04-15,0.45,0.01,1.0
Vermont,2020-04-16,0.42,0.0,1.01
Vermont,2020-04-17,0.39,0.0,1.03
Vermont,2020-04-18,0.52,0.0,1.18
Virginia,2020-03-07,2.0,0.34,6.43
Virginia,2020-03-08,1.8,0.38,4.45
Virginia,2020-03-09,1.96,0.5,4.24
Virginia,2020-03-10,2.0,0.56,3.9
Virginia,2020-03-11,1.98,0.61,3.59
Virginia,2020-03-12,2.06,0.78,3.5100000000000002
Virginia,2020-03-13,1.94,0.79,3.2
Virginia,2020-03-14,1.81,0.54,3.0500000000000003
Virginia,2020-03-15,1.68,0.51,2.82
Virginia,2020-03-16,1.58,0.48,2.63
Virginia,2020-03-17,1.57,0.56,2.58
Virginia,2020-03-18,1.62,0.67,2.5500000000000003
Virginia,2020-03-19,1.78,0.92,2.63
Virginia,2020-03-20,1.85,1.08,2.62
Virginia,2020-03-21,1.8800000000000001,1.2,2.58
Virginia,2020-03-22,1.95,1.33,2.5500000000000003
Virginia,2020-03-23,2.09,1.56,2.63
Virginia,2020-03-24,1.99,1.51,2.45
Virginia,2020-03-25,1.93,1.51,2.35
Virginia,2020-03-26,1.81,1.43,2.19
Virginia,2020-03-27,1.7,1.37,2.07
Virginia,2020-03-28,1.6500000000000001,1.33,1.97
Virginia,2020-03-29,1.62,1.32,1.9100000000000001
Virginia,2020-03-30,1.55,1.28,1.84
Virginia,2020-03-31,1.58,1.33,1.85
Virginia,2020-04-01,1.57,1.34,1.82
Virginia,2020-04-02,1.54,1.32,1.77
Virginia,2020-04-03,1.5,1.29,1.71
Virginia,2020-04-04,1.45,1.26,1.6600000000000001
Virginia,2020-04-05,1.3900000000000001,1.2,1.58
Virginia,2020-04-06,1.35,1.18,1.55
Virginia,2020-04-07,1.3,1.12,1.47
Virginia,2020-04-08,1.28,1.11,1.45
Virginia,2020-04-09,1.25,1.09,1.42
Virginia,2020-04-10,1.24,1.08,1.4000000000000001
Virginia,2020-04-11,1.19,1.03,1.34
Virginia,2020-04-12,1.16,1.01,1.32
Virginia,2020-04-13,1.11,0.9500000000000001,1.25
Virginia,2020-04-14,1.08,0.93,1.23
Virginia,2020-04-15,1.06,0.91,1.21
Virginia,2020-04-16,1.08,0.9400000000000001,1.24
Virginia,2020-04-17,1.09,0.9400000000000001,1.23
Virginia,2020-04-18,1.1300000000000001,0.99,1.28
Washington,2020-02-22,2.0,0.34,6.43
Washington,2020-02-23,1.8800000000000001,0.38,5.01
Washington,2020-02-24,1.8,0.38,4.45
Washington,2020-02-25,1.74,0.4,4.13
Washington,2020-02-26,1.69,0.37,3.85
Washington,2020-02-27,1.8900000000000001,0.47000000000000003,3.98
Washington,2020-02-28,1.78,0.48,3.67
Washington,2020-02-29,2.15,0.14,3.99
Washington,2020-03-01,2.39,0.48,4.11
Washington,2020-03-02,2.54,0.9,4.03
Washington,2020-03-03,2.46,1.12,3.75
Washington,2020-03-04,2.31,1.18,3.41
Washington,2020-03-05,2.11,1.1300000000000001,3.0700000000000003
Washington,2020-03-06,2.06,1.2,2.9
Washington,2020-03-07,2.06,1.31,2.8000000000000003
Washington,2020-03-08,2.0300000000000002,1.3800000000000001,2.69
Washington,2020-03-09,2.02,1.44,2.59
Washington,2020-03-10,1.96,1.45,2.47
Washington,2020-03-11,1.87,1.42,2.34
Washington,2020-03-12,1.76,1.34,2.17
Washington,2020-03-13,1.6600000000000001,1.28,2.05
Washington,2020-03-14,1.53,1.18,1.9000000000000001
Washington,2020-03-15,1.45,1.12,1.8
Washington,2020-03-16,1.41,1.1,1.75
Washington,2020-03-17,1.3900000000000001,1.09,1.71
Washington,2020-03-18,1.43,1.1300000000000001,1.71
Washington,2020-03-19,1.46,1.19,1.74
Washington,2020-03-20,1.48,1.23,1.75
Washington,2020-03-21,1.52,1.28,1.77
Washington,2020-03-22,1.48,1.25,1.71
Washington,2020-03-23,1.5,1.28,1.71
Washington,2020-03-24,1.53,1.33,1.74
Washington,2020-03-25,1.55,1.37,1.75
Washington,2020-03-26,1.58,1.4000000000000001,1.75
Washington,2020-03-27,1.53,1.37,1.7
Washington,2020-03-28,1.41,1.25,1.56
Washington,2020-03-29,1.31,1.16,1.46
Washington,2020-03-30,1.21,1.07,1.37
Washington,2020-03-31,1.12,0.98,1.27
Washington,2020-04-01,1.09,0.9500000000000001,1.24
Washington,2020-04-02,1.05,0.92,1.21
Washington,2020-04-03,1.04,0.9,1.18
Washington,2020-04-04,1.04,0.9,1.18
Washington,2020-04-05,1.04,0.9,1.18
Washington,2020-04-06,1.01,0.87,1.1500000000000001
Washington,2020-04-07,1.0,0.86,1.1400000000000001
Washington,2020-04-08,0.9400000000000001,0.8,1.08
Washington,2020-04-09,0.85,0.71,1.0
Washington,2020-04-10,0.76,0.61,0.91
Washington,2020-04-11,0.68,0.53,0.84
Washington,2020-04-12,0.62,0.46,0.78
Washington,2020-04-13,0.6,0.44,0.78
Washington,2020-04-14,0.59,0.42,0.78
Washington,2020-04-15,0.62,0.44,0.81
Washington,2020-04-16,0.72,0.54,0.93
Washington,2020-04-17,0.88,0.6900000000000001,1.08
Washington,2020-04-18,1.06,0.87,1.26
West Virginia,2020-03-17,2.0,0.34,6.43
West Virginia,2020-03-18,1.8,0.38,4.45
West Virginia,2020-03-19,1.96,0.5,4.24
West Virginia,2020-03-20,1.78,0.48,3.67
West Virginia,2020-03-21,1.84,0.55,3.5300000000000002
West Virginia,2020-03-22,2.0,0.7000000000000001,3.5100000000000002
West Virginia,2020-03-23,2.16,0.92,3.49
West Virginia,2020-03-24,2.29,1.01,3.5
West Virginia,2020-03-25,2.2,1.12,3.27
West Virginia,2020-03-26,1.98,1.03,2.93
West Virginia,2020-03-27,1.79,0.92,2.64
West Virginia,2020-03-28,1.62,0.81,2.4
West Virginia,2020-03-29,1.46,0.7000000000000001,2.2
West Virginia,2020-03-30,1.35,0.64,2.08
West Virginia,2020-03-31,1.26,0.56,1.95
West Virginia,2020-04-01,1.24,0.5700000000000001,1.92
West Virginia,2020-04-02,1.28,0.62,1.92
West Virginia,2020-04-03,1.32,0.68,1.93
West Virginia,2020-04-04,1.3900000000000001,0.77,1.96
West Virginia,2020-04-05,1.48,0.92,2.05
West Virginia,2020-04-06,1.5,0.98,2.04
West Virginia,2020-04-07,1.44,0.9400000000000001,1.94
West Virginia,2020-04-08,1.35,0.88,1.84
West Virginia,2020-04-09,1.23,0.77,1.7
West Virginia,2020-04-10,1.1400000000000001,0.6900000000000001,1.61
West Virginia,2020-04-11,1.03,0.5700000000000001,1.48
West Virginia,2020-04-12,0.92,0.46,1.3800000000000001
West Virginia,2020-04-13,0.8300000000000001,0.37,1.31
West Virginia,2020-04-14,0.81,0.33,1.29
West Virginia,2020-04-15,0.79,0.28,1.26
West Virginia,2020-04-16,0.84,0.35000000000000003,1.36
West Virginia,2020-04-17,0.92,0.42,1.44
West Virginia,2020-04-18,0.98,0.47000000000000003,1.49
Wisconsin,2020-03-08,2.0,0.34,6.43
Wisconsin,2020-03-09,1.8800000000000001,0.38,5.01
Wisconsin,2020-03-10,2.17,0.51,4.99
Wisconsin,2020-03-11,2.2800000000000002,0.61,4.59
Wisconsin,2020-03-12,2.5,0.8300000000000001,4.43
Wisconsin,2020-03-13,2.45,0.96,4.04
Wisconsin,2020-03-14,2.32,1.05,3.69
Wisconsin,2020-03-15,2.43,1.1300000000000001,3.62
Wisconsin,2020-03-16,2.49,1.43,3.5
Wisconsin,2020-03-17,2.43,1.56,3.29
Wisconsin,2020-03-18,2.34,1.6,3.06
Wisconsin,2020-03-19,2.29,1.67,2.92
Wisconsin,2020-03-20,2.09,1.55,2.64
Wisconsin,2020-03-21,1.92,1.43,2.4
Wisconsin,2020-03-22,1.79,1.36,2.24
Wisconsin,2020-03-23,1.69,1.3,2.11
Wisconsin,2020-03-24,1.6500000000000001,1.28,2.02
Wisconsin,2020-03-25,1.61,1.27,1.96
Wisconsin,2020-03-26,1.51,1.19,1.84
Wisconsin,2020-03-27,1.45,1.1500000000000001,1.76
Wisconsin,2020-03-28,1.36,1.07,1.6600000000000001
Wisconsin,2020-03-29,1.28,1.0,1.57
Wisconsin,2020-03-30,1.24,0.97,1.52
Wisconsin,2020-03-31,1.21,0.9500000000000001,1.49
Wisconsin,2020-04-01,1.21,0.9500000000000001,1.47
Wisconsin,2020-04-02,1.21,0.96,1.47
Wisconsin,2020-04-03,1.19,0.9500000000000001,1.45
Wisconsin,2020-04-04,1.2,0.9500000000000001,1.43
Wisconsin,2020-04-05,1.18,0.9400000000000001,1.41
Wisconsin,2020-04-06,1.1300000000000001,0.9,1.37
Wisconsin,2020-04-07,1.08,0.85,1.31
Wisconsin,2020-04-08,1.0,0.77,1.23
Wisconsin,2020-04-09,0.9500000000000001,0.73,1.2
Wisconsin,2020-04-10,0.9,0.67,1.1400000000000001
Wisconsin,2020-04-11,0.87,0.63,1.11
Wisconsin,2020-04-12,0.86,0.62,1.11
Wisconsin,2020-04-13,0.88,0.63,1.12
Wisconsin,2020-04-14,0.9,0.65,1.1500000000000001
Wisconsin,2020-04-15,0.9400000000000001,0.6900000000000001,1.19
Wisconsin,2020-04-16,0.98,0.74,1.25
Wisconsin,2020-04-17,1.04,0.79,1.29
Wisconsin,2020-04-18,1.08,0.84,1.34
Wyoming,2020-03-11,2.0,0.34,6.43
Wyoming,2020-03-12,1.8800000000000001,0.38,5.01
Wyoming,2020-03-13,1.8,0.38,4.45
Wyoming,2020-03-14,2.05,0.5,4.54
Wyoming,2020-03-15,1.8900000000000001,0.47000000000000003,3.98
Wyoming,2020-03-16,2.0,0.56,3.9
Wyoming,2020-03-17,1.84,0.55,3.5300000000000002
Wyoming,2020-03-18,1.57,0.01,3.15
Wyoming,2020-03-19,1.5,0.01,2.99
Wyoming,2020-03-20,1.23,0.0,2.69
Wyoming,2020-03-21,1.22,0.0,2.64
Wyoming,2020-03-22,1.4000000000000001,0.01,2.75
Wyoming,2020-03-23,1.36,0.03,2.68
Wyoming,2020-03-24,1.6400000000000001,0.21,2.97
Wyoming,2020-03-25,1.8,0.43,3.08
Wyoming,2020-03-26,1.77,0.5,2.94
Wyoming,2020-03-27,1.73,0.58,2.83
Wyoming,2020-03-28,1.62,0.5700000000000001,2.66
Wyoming,2020-03-29,1.47,0.48,2.44
Wyoming,2020-03-30,1.48,0.55,2.41
Wyoming,2020-03-31,1.3800000000000001,0.49,2.2600000000000002
Wyoming,2020-04-01,1.34,0.5,2.2
Wyoming,2020-04-02,1.32,0.48,2.11
Wyoming,2020-04-03,1.25,0.46,2.04
Wyoming,2020-04-04,1.16,0.38,1.92
Wyoming,2020-04-05,1.12,0.36,1.8800000000000001
Wyoming,2020-04-06,0.96,0.22,1.71
Wyoming,2020-04-07,0.88,0.15,1.62
Wyoming,2020-04-08,0.76,0.05,1.46
Wyoming,2020-04-09,0.6900000000000001,0.0,1.3800000000000001
Wyoming,2020-04-10,0.72,0.01,1.44
Wyoming,2020-04-11,0.7000000000000001,0.0,1.44
Wyoming,2020-04-12,0.67,0.0,1.45
Wyoming,2020-04-13,0.76,0.01,1.57
Wyoming,2020-04-14,0.75,0.0,1.57
Wyoming,2020-04-15,0.8,0.01,1.6500000000000001
Wyoming,2020-04-16,0.79,0.0,1.6500000000000001
Wyoming,2020-04-17,0.78,0.01,1.68
Wyoming,2020-04-18,0.85,0.0,1.74
